system:index,1/3/2018,1/10/2018,1/19/2018,2/4/2018,2/11/2018,2/20/2018,2/27/2018,3/8/2018,3/15/2018,3/24/2018,3/31/2018,4/9/2018,4/16/2018,4/25/2018,5/2/2018,5/11/2018,5/18/2018,5/27/2018,6/12/2018,6/19/2018,6/28/2018,7/14/2018,7/21/2018,7/30/2018,8/6/2018,8/15/2018,8/22/2018,8/31/2018,9/7/2018,9/16/2018,9/23/2018,10/2/2018,10/9/2018,10/18/2018,10/25/2018,11/3/2018,11/10/2018,11/19/2018,11/26/2018,12/5/2018,12/12/2018,12/21/2018,12/28/2018,1/6/2019,1/13/2019,1/22/2019,2/7/2019,2/14/2019,2/23/2019,3/2/2019,3/11/2019,3/18/2019,3/27/2019,4/3/2019,4/12/2019,4/19/2019,4/28/2019,5/5/2019,5/14/2019,5/21/2019,5/30/2019,6/6/2019,6/15/2019,6/22/2019,7/1/2019,7/8/2019,7/17/2019,7/24/2019,8/2/2019,8/9/2019,8/18/2019,8/25/2019,9/3/2019,9/10/2019,9/19/2019,9/26/2019,10/5/2019,10/12/2019,10/21/2019,10/28/2019,11/6/2019,11/13/2019,11/22/2019,11/29/2019,12/8/2019,12/15/2019,12/24/2019,12/31/2019,1/9/2020,1/16/2020,1/25/2020,2/1/2020,2/10/2020,2/17/2020,2/26/2020,3/4/2020,3/13/2020,3/20/2020,3/29/2020,4/5/2020,4/14/2020,4/21/2020,4/30/2020,5/7/2020,5/16/2020,5/23/2020,6/1/2020,6/8/2020,6/17/2020,7/3/2020,7/10/2020,7/19/2020,8/4/2020,8/11/2020,8/20/2020,8/27/2020,9/5/2020,9/12/2020,9/21/2020,9/28/2020,10/7/2020,10/14/2020,10/23/2020,10/30/2020,11/15/2020,11/24/2020,12/1/2020,12/10/2020,12/26/2020,1/2/2021,1/11/2021,1/18/2021,1/27/2021,2/3/2021,2/12/2021,2/19/2021,ID,.geo
0,No data,No data,630,No data,No data,221,No data,162,No data,No data,No data,No data,No data,No data,No data,No data,No data,619,No data,No data,2078,No data,No data,136,No data,225,No data,186,No data,224,No data,370,No data,346,No data,No data,No data,No data,No data,407,No data,No data,No data,No data,No data,No data,No data,No data,202,No data,237,No data,208,No data,803,No data,No data,No data,No data,No data,No data,No data,No data,No data,No data,No data,No data,No data,192,No data,201,No data,188,No data,211,No data,173,No data,466,No data,253,No data,111,No data,No data,No data,No data,No data,727,No data,176,No data,No data,No data,No data,No data,No data,No data,1213,No data,447,No data,No data,No data,462,No data,No data,No data,60,No data,No data,246,No data,No data,186,No data,No data,No data,477,No data,No data,No data,615,No data,No data,No data,No data,No data,No data,No data,266,No data,181,No data,No data,No data,1,"{""type"":""Point"",""coordinates"":[120.18928098246627,0.7485002437303718]}"
1,No data,No data,No data,No data,No data,188,No data,194,No data,No data,No data,No data,160,No data,152,No data,No data,No data,No data,No data,6716,No data,246,159,164,1123,150,193,132,No data,157,199,No data,No data,136,No data,No data,No data,68,200,No data,No data,No data,No data,143,No data,673,148,No data,165,No data,143,193,No data,No data,139,No data,No data,47,No data,No data,No data,No data,No data,No data,114,No data,No data,No data,118,No data,No data,No data,133,No data,No data,No data,151,163,No data,206,No data,608,No data,No data,No data,No data,No data,No data,No data,98,No data,No data,124,No data,No data,No data,No data,No data,47,167,No data,No data,No data,No data,No data,No data,No data,181,No data,No data,1046,No data,No data,335,No data,No data,No data,191,No data,No data,No data,No data,112,No data,No data,No data,No data,No data,2646,No data,No data,207,No data,No data,No data,2,"{""type"":""Point"",""coordinates"":[120.22701835468159,0.6915931960862954]}"
2,No data,No data,283,170,No data,180,No data,183,No data,No data,No data,No data,No data,No data,No data,No data,No data,707,No data,No data,2539,757,No data,158,No data,163,No data,178,No data,281,No data,594,No data,385,No data,No data,No data,No data,No data,452,No data,No data,No data,No data,No data,No data,No data,No data,151,No data,312,No data,509,No data,573,No data,No data,No data,No data,No data,No data,No data,No data,No data,No data,No data,No data,No data,209,No data,142,No data,201,No data,235,No data,306,No data,452,No data,391,No data,474,No data,No data,No data,No data,No data,744,No data,220,No data,No data,No data,No data,No data,No data,No data,No data,No data,488,No data,No data,No data,479,No data,613,No data,390,No data,No data,245,No data,No data,179,No data,No data,No data,616,No data,No data,No data,391,No data,No data,No data,No data,No data,No data,No data,192,No data,172,No data,No data,No data,3,"{""type"":""Point"",""coordinates"":[120.20543184648186,0.756642562253964]}"
3,No data,No data,483,No data,No data,179,No data,163,No data,No data,No data,No data,No data,No data,No data,No data,No data,No data,610,No data,4451,480,No data,377,No data,396,No data,411,No data,431,No data,459,No data,307,No data,No data,No data,No data,No data,351,No data,No data,No data,No data,No data,No data,No data,No data,211,No data,-4,No data,241,No data,No data,No data,No data,No data,172,No data,No data,No data,211,No data,No data,No data,No data,No data,203,No data,174,No data,183,No data,270,No data,648,No data,241,No data,203,No data,176,No data,No data,No data,No data,No data,773,No data,415,No data,No data,No data,No data,No data,No data,No data,246,No data,664,No data,No data,No data,190,No data,444,No data,523,No data,No data,213,No data,No data,215,No data,No data,No data,300,No data,No data,No data,453,No data,No data,No data,No data,No data,No data,No data,200,No data,223,No data,No data,No data,4,"{""type"":""Point"",""coordinates"":[120.23773803361411,0.7783539252831918]}"
4,No data,No data,No data,No data,No data,202,166,259,No data,No data,No data,No data,166,No data,163,No data,No data,No data,No data,172,1870,No data,No data,244,188,240,210,234,142,No data,201,235,230,235,206,No data,No data,No data,952,No data,No data,No data,No data,No data,186,No data,658,241,No data,226,No data,204,299,No data,No data,203,No data,No data,No data,229,No data,No data,No data,No data,No data,136,No data,No data,254,190,363,No data,256,181,309,253,No data,No data,No data,No data,272,205,269,No data,No data,No data,No data,No data,No data,No data,No data,No data,No data,195,No data,No data,No data,No data,No data,195,252,No data,No data,37,274,No data,231,No data,217,No data,No data,243,No data,No data,272,218,No data,No data,No data,No data,No data,No data,351,103,229,No data,No data,No data,No data,5526,No data,No data,No data,No data,No data,No data,5,"{""type"":""Point"",""coordinates"":[120.25396470234759,0.6617885646450632]}"
5,No data,No data,507,No data,No data,107,No data,134,No data,No data,No data,No data,No data,No data,No data,No data,No data,676,No data,No data,3513,No data,No data,205,No data,149,No data,178,No data,499,No data,552,No data,88,No data,No data,No data,No data,No data,359,No data,No data,No data,No data,No data,No data,961,No data,197,No data,147,No data,546,No data,350,No data,No data,No data,No data,No data,No data,No data,495,No data,No data,No data,No data,No data,199,No data,176,No data,325,No data,363,No data,577,No data,328,No data,308,No data,438,No data,No data,No data,No data,No data,644,No data,No data,No data,No data,No data,No data,No data,No data,No data,1207,No data,384,No data,No data,No data,572,No data,626,No data,502,167,No data,244,No data,No data,177,No data,No data,No data,638,No data,No data,No data,512,No data,No data,No data,No data,No data,No data,No data,149,No data,150,No data,No data,No data,6,"{""type"":""Point"",""coordinates"":[120.17581895638592,0.7457801920877697]}"
6,No data,No data,814,624,No data,294,No data,292,No data,No data,No data,No data,No data,No data,No data,No data,No data,311,No data,No data,3470,No data,No data,337,No data,160,No data,206,No data,259,No data,246,No data,273,No data,No data,No data,No data,No data,382,No data,No data,No data,No data,No data,No data,No data,No data,222,No data,No data,No data,260,No data,844,No data,No data,No data,374,No data,No data,No data,No data,No data,No data,No data,No data,No data,197,No data,193,No data,201,No data,277,No data,311,No data,No data,No data,351,No data,373,No data,No data,No data,No data,No data,369,No data,No data,No data,No data,No data,No data,No data,No data,444,474,No data,607,No data,No data,No data,486,No data,471,No data,495,No data,No data,232,No data,No data,221,No data,No data,No data,328,No data,No data,No data,201,No data,No data,No data,No data,No data,No data,No data,227,No data,227,No data,No data,No data,7,"{""type"":""Point"",""coordinates"":[120.2188849543601,0.7783405479800314]}"
7,No data,No data,123,No data,No data,112,No data,225,No data,No data,No data,No data,No data,No data,No data,No data,No data,497,No data,No data,2457,No data,No data,108,No data,152,No data,171,No data,255,No data,375,No data,285,No data,No data,No data,No data,No data,491,No data,No data,No data,No data,No data,No data,730,No data,84,No data,No data,No data,422,No data,502,No data,No data,No data,No data,No data,No data,No data,134,No data,No data,No data,No data,No data,127,No data,127,No data,527,No data,609,No data,480,No data,484,No data,433,No data,321,No data,No data,No data,No data,No data,597,No data,No data,No data,No data,No data,No data,No data,No data,No data,483,No data,417,No data,No data,No data,582,No data,557,No data,378,107,No data,267,No data,No data,183,No data,182,No data,604,No data,No data,No data,682,No data,No data,No data,No data,No data,No data,No data,195,No data,144,No data,No data,No data,8,"{""type"":""Point"",""coordinates"":[120.15427258009568,0.7457668147846093]}"
8,No data,No data,508,No data,No data,211,No data,233,No data,853,No data,225,No data,No data,No data,No data,No data,327,403,No data,189,256,No data,323,No data,No data,No data,463,No data,551,No data,681,No data,632,No data,No data,No data,No data,No data,385,No data,No data,No data,No data,No data,No data,No data,No data,No data,No data,No data,No data,492,No data,304,No data,No data,No data,339,No data,No data,No data,2669,No data,No data,No data,No data,No data,340,No data,432,No data,496,No data,636,No data,543,No data,207,No data,258,No data,309,No data,No data,No data,No data,No data,No data,No data,293,No data,No data,No data,No data,No data,275,No data,892,No data,220,No data,No data,No data,511,No data,266,No data,384,597,No data,566,No data,No data,236,No data,223,No data,201,No data,No data,No data,459,No data,No data,No data,No data,No data,No data,No data,214,No data,240,No data,No data,No data,9,"{""type"":""Point"",""coordinates"":[120.32387002956243,0.8516124964902543]}"
9,No data,No data,247,291,No data,243,No data,220,No data,944,No data,270,No data,No data,No data,No data,No data,224,No data,No data,310,199,No data,223,No data,No data,No data,270,No data,371,No data,389,No data,331,No data,No data,No data,No data,No data,281,No data,No data,No data,No data,No data,No data,No data,No data,253,No data,No data,No data,269,No data,275,No data,No data,No data,253,No data,No data,No data,2508,No data,No data,No data,No data,No data,222,No data,296,No data,282,No data,310,No data,308,No data,255,No data,230,No data,248,No data,No data,No data,No data,No data,844,No data,227,No data,No data,No data,No data,No data,249,No data,280,No data,283,No data,No data,No data,219,No data,257,No data,221,282,No data,187,No data,No data,216,No data,173,No data,203,No data,No data,No data,195,No data,No data,No data,No data,No data,No data,No data,No data,No data,341,No data,No data,No data,10,"{""type"":""Point"",""coordinates"":[120.31850127189412,0.8272078364247449]}"
0000000000000000000a,No data,No data,588,No data,No data,374,No data,No data,No data,No data,No data,No data,No data,No data,No data,No data,No data,331,No data,No data,8648,285,No data,568,No data,709,No data,761,No data,979,No data,907,No data,652,No data,No data,No data,No data,No data,363,No data,No data,No data,No data,No data,No data,761,No data,No data,No data,986,No data,790,No data,No data,No data,No data,No data,475,No data,No data,No data,2507,No data,No data,No data,333,No data,374,No data,No data,No data,628,No data,707,No data,No data,No data,524,No data,1315,No data,630,No data,No data,No data,742,No data,No data,No data,495,No data,No data,No data,No data,No data,448,468,669,No data,647,No data,No data,No data,469,No data,426,No data,423,No data,No data,343,No data,No data,463,No data,374,No data,472,No data,No data,No data,445,No data,No data,743,No data,No data,No data,No data,398,No data,436,No data,No data,No data,11,"{""type"":""Point"",""coordinates"":[120.2995456333159,0.9681733980273295]}"
0000000000000000000b,No data,No data,575,455,No data,186,No data,324,No data,361,No data,425,No data,No data,No data,No data,No data,178,No data,No data,No data,286,No data,346,No data,314,No data,261,No data,286,No data,315,No data,297,No data,No data,No data,No data,No data,272,No data,No data,No data,No data,No data,No data,719,No data,278,No data,236,No data,139,No data,No data,No data,No data,No data,239,No data,No data,No data,775,No data,No data,No data,No data,No data,252,No data,269,No data,372,No data,409,No data,223,No data,No data,No data,225,No data,113,No data,No data,No data,No data,No data,No data,No data,224,No data,No data,No data,No data,No data,No data,No data,549,No data,407,No data,No data,No data,188,No data,184,No data,98,No data,No data,196,No data,No data,363,No data,307,No data,No data,No data,No data,No data,306,No data,No data,No data,No data,No data,No data,No data,180,No data,197,No data,No data,No data,12,"{""type"":""Point"",""coordinates"":[120.43165542022633,0.7784743210116348]}"
0000000000000000000c,No data,No data,165,No data,No data,143,No data,201,No data,581,No data,478,No data,No data,No data,No data,No data,381,No data,No data,149,140,No data,132,No data,206,No data,160,No data,252,No data,644,No data,334,No data,No data,No data,No data,No data,203,No data,No data,No data,No data,No data,No data,843,No data,152,No data,No data,No data,130,No data,181,No data,No data,No data,487,No data,No data,No data,641,No data,No data,No data,No data,No data,281,No data,245,No data,216,No data,115,No data,139,No data,137,No data,194,No data,533,No data,No data,No data,No data,No data,No data,No data,372,No data,No data,No data,No data,No data,155,No data,206,No data,221,No data,No data,No data,379,No data,214,No data,273,518,No data,525,No data,No data,292,No data,80,No data,206,No data,No data,No data,180,No data,No data,No data,No data,No data,No data,No data,189,No data,388,No data,No data,No data,13,"{""type"":""Point"",""coordinates"":[120.34004764818435,0.82451008028741]}"
0000000000000000000d,No data,No data,713,425,No data,173,No data,205,No data,188,No data,246,No data,No data,No data,No data,No data,271,No data,No data,No data,205,No data,186,No data,233,No data,330,No data,415,No data,367,No data,272,No data,No data,No data,No data,No data,393,No data,No data,No data,No data,No data,No data,No data,No data,191,No data,193,No data,199,No data,355,No data,No data,No data,274,No data,No data,No data,946,No data,No data,No data,No data,No data,201,No data,211,No data,259,No data,343,No data,205,No data,No data,No data,235,No data,244,No data,No data,No data,No data,No data,No data,No data,213,No data,No data,No data,No data,No data,No data,No data,227,No data,459,No data,No data,No data,164,No data,191,No data,209,No data,No data,180,No data,No data,234,No data,No data,No data,No data,No data,No data,No data,428,No data,No data,No data,No data,221,No data,No data,209,No data,176,No data,No data,No data,14,"{""type"":""Point"",""coordinates"":[120.4478241206461,0.7703498388922565]}"
0000000000000000000e,No data,No data,717,No data,No data,189,No data,241,No data,340,No data,231,No data,No data,No data,No data,No data,251,No data,No data,311,232,No data,258,No data,231,No data,214,No data,314,No data,253,No data,290,No data,No data,No data,No data,No data,241,No data,No data,No data,No data,No data,No data,No data,No data,258,No data,336,No data,298,No data,315,No data,No data,No data,290,No data,No data,No data,626,No data,No data,No data,No data,No data,254,No data,254,No data,254,No data,286,No data,301,No data,269,No data,278,No data,230,No data,No data,No data,No data,No data,No data,No data,226,No data,No data,No data,No data,No data,No data,No data,No data,No data,261,No data,No data,No data,231,No data,300,No data,212,359,No data,228,565,No data,221,No data,282,No data,258,No data,No data,No data,227,No data,No data,592,No data,No data,No data,No data,193,No data,No data,No data,No data,No data,15,"{""type"":""Point"",""coordinates"":[120.50977887068272,0.7649632448196939]}"
0000000000000000000f,No data,No data,No data,205,No data,170,No data,199,No data,193,No data,236,No data,No data,No data,No data,No data,241,No data,No data,2681,179,No data,183,No data,271,No data,242,No data,238,No data,279,No data,304,No data,No data,No data,No data,No data,248,No data,No data,No data,No data,No data,No data,767,No data,142,No data,244,No data,115,No data,138,No data,No data,No data,No data,No data,No data,No data,477,No data,No data,No data,No data,No data,168,No data,174,No data,226,No data,236,No data,202,No data,No data,No data,189,No data,159,No data,No data,No data,No data,No data,No data,No data,117,No data,No data,No data,No data,No data,No data,No data,No data,No data,310,No data,No data,No data,203,No data,194,No data,153,No data,No data,135,No data,No data,160,No data,234,No data,No data,No data,No data,No data,231,No data,No data,No data,No data,157,No data,No data,191,No data,No data,No data,No data,No data,16,"{""type"":""Point"",""coordinates"":[120.45860622699337,0.7540874973503394]}"
10,No data,No data,200,No data,No data,153,No data,174,No data,243,No data,278,No data,No data,No data,No data,No data,86,430,No data,1999,159,No data,113,No data,190,No data,165,No data,243,No data,332,No data,333,No data,No data,No data,No data,No data,143,No data,No data,No data,No data,No data,No data,728,No data,105,No data,No data,No data,126,No data,229,No data,No data,No data,332,No data,No data,No data,1847,No data,No data,No data,No data,No data,220,No data,197,No data,283,No data,168,No data,91,No data,119,No data,178,No data,436,No data,No data,No data,No data,No data,No data,No data,225,No data,No data,No data,No data,No data,120,No data,176,No data,179,No data,No data,No data,343,No data,156,No data,181,395,No data,459,No data,No data,148,No data,182,No data,158,No data,No data,No data,195,No data,No data,No data,No data,No data,No data,No data,212,No data,250,No data,No data,No data,17,"{""type"":""Point"",""coordinates"":[120.3454342422569,0.8272256728289589]}"
11,No data,No data,572,288,No data,309,No data,538,No data,812,No data,583,No data,No data,No data,No data,No data,626,691,No data,363,230,No data,219,No data,309,No data,617,No data,386,No data,440,No data,477,No data,No data,No data,No data,No data,623,No data,No data,No data,No data,No data,No data,No data,No data,423,No data,835,No data,325,No data,633,No data,No data,No data,571,No data,No data,No data,507,No data,No data,No data,No data,No data,206,No data,347,No data,756,No data,798,No data,495,No data,489,No data,568,No data,489,No data,No data,No data,No data,No data,No data,No data,367,No data,No data,No data,No data,No data,No data,No data,No data,No data,435,No data,No data,No data,476,No data,719,No data,534,300,No data,242,248,No data,265,No data,342,No data,677,No data,No data,No data,792,No data,No data,No data,No data,539,No data,No data,209,No data,No data,No data,No data,No data,18,"{""type"":""Point"",""coordinates"":[120.52324089676306,0.7731100224443396]}"
12,No data,No data,729,671,No data,404,No data,246,No data,240,No data,306,No data,No data,No data,No data,No data,232,No data,No data,198,387,No data,420,No data,477,No data,440,No data,467,No data,416,No data,333,No data,No data,No data,No data,No data,356,No data,No data,No data,No data,No data,No data,790,No data,207,No data,294,No data,221,No data,No data,No data,No data,No data,609,No data,No data,No data,554,No data,No data,No data,No data,No data,397,No data,457,No data,490,No data,486,No data,247,No data,No data,No data,313,No data,259,No data,No data,No data,No data,No data,No data,No data,449,No data,No data,No data,No data,No data,No data,No data,No data,No data,255,No data,No data,No data,205,No data,247,No data,207,No data,No data,426,No data,No data,382,No data,311,No data,218,No data,No data,No data,530,No data,No data,No data,No data,324,No data,No data,357,No data,No data,No data,No data,No data,19,"{""type"":""Point"",""coordinates"":[120.4666771999001,0.7730743496359119]}"
13,No data,No data,437,269,No data,288,No data,378,No data,260,No data,330,No data,No data,No data,No data,No data,345,297,No data,1425,407,No data,373,No data,389,No data,371,No data,411,No data,322,No data,296,No data,No data,No data,No data,No data,268,No data,No data,No data,No data,No data,No data,No data,No data,676,No data,516,No data,260,No data,607,No data,No data,No data,284,No data,No data,No data,705,No data,No data,No data,No data,No data,405,No data,528,No data,606,No data,621,No data,553,No data,359,No data,350,No data,268,No data,No data,No data,No data,No data,No data,No data,No data,No data,No data,No data,No data,No data,No data,No data,No data,No data,434,No data,No data,No data,332,No data,292,No data,279,262,No data,241,320,No data,317,No data,251,No data,314,No data,No data,No data,266,No data,No data,No data,No data,No data,No data,No data,304,No data,No data,No data,No data,No data,20,"{""type"":""Point"",""coordinates"":[120.53940067898074,0.7785412075274366]}"
14,No data,No data,217,155,No data,217,No data,229,No data,227,No data,208,No data,No data,No data,No data,No data,229,478,No data,No data,178,No data,202,No data,209,No data,213,No data,246,No data,233,No data,212,No data,No data,No data,No data,No data,182,No data,No data,No data,No data,No data,No data,No data,No data,No data,No data,No data,No data,230,No data,No data,No data,No data,No data,104,No data,No data,No data,749,No data,No data,No data,No data,No data,205,No data,224,No data,200,No data,224,No data,231,No data,260,No data,257,No data,252,No data,No data,No data,No data,No data,764,No data,218,No data,No data,No data,No data,No data,No data,No data,1024,No data,229,No data,No data,No data,201,No data,195,No data,214,159,No data,160,No data,No data,244,No data,266,No data,348,No data,No data,No data,224,No data,No data,No data,No data,209,No data,No data,166,No data,219,No data,No data,No data,21,"{""type"":""Point"",""coordinates"":[120.71176723020169,0.8627111990122811]}"
15,No data,No data,285,272,No data,213,No data,208,No data,225,No data,213,No data,No data,No data,No data,No data,191,232,No data,No data,166,No data,213,No data,196,No data,186,No data,232,No data,215,No data,213,No data,No data,No data,No data,No data,No data,No data,No data,No data,No data,No data,No data,No data,No data,No data,No data,No data,No data,215,No data,185,No data,No data,No data,248,No data,No data,No data,637,No data,No data,No data,No data,No data,177,No data,181,No data,200,No data,200,No data,211,No data,213,No data,186,No data,184,No data,No data,No data,No data,No data,758,No data,179,No data,No data,No data,No data,No data,No data,No data,No data,No data,195,No data,No data,No data,173,No data,195,No data,200,139,No data,185,No data,No data,204,No data,205,No data,218,No data,No data,No data,203,No data,No data,No data,No data,243,No data,No data,177,No data,207,No data,No data,No data,22,"{""type"":""Point"",""coordinates"":[120.72254041834682,0.8708535175358733]}"
16,No data,No data,293,194,No data,191,No data,262,No data,302,No data,317,No data,No data,No data,No data,No data,250,288,No data,No data,218,No data,238,No data,234,No data,235,No data,284,No data,271,No data,244,No data,No data,No data,No data,No data,No data,No data,No data,No data,No data,No data,No data,No data,No data,No data,No data,No data,No data,483,No data,No data,No data,No data,No data,No data,No data,No data,No data,652,No data,No data,No data,No data,No data,215,No data,226,No data,252,No data,287,No data,248,No data,254,No data,248,No data,252,No data,No data,No data,No data,No data,800,No data,245,No data,No data,No data,No data,No data,No data,No data,No data,No data,303,No data,No data,No data,257,No data,265,No data,270,188,No data,190,No data,No data,225,No data,191,No data,208,No data,No data,No data,185,No data,No data,No data,No data,270,No data,No data,234,No data,269,No data,No data,No data,23,"{""type"":""Point"",""coordinates"":[120.71176277110067,0.8708490584348196]}"
17,No data,No data,423,No data,No data,370,No data,454,No data,270,No data,250,No data,No data,No data,No data,No data,359,340,No data,No data,235,No data,255,No data,266,No data,308,No data,363,No data,298,No data,261,No data,No data,No data,No data,No data,No data,No data,No data,No data,No data,No data,No data,No data,No data,No data,No data,No data,No data,No data,No data,No data,No data,No data,No data,330,No data,No data,No data,697,No data,No data,No data,No data,No data,253,No data,246,No data,321,No data,391,No data,289,No data,274,No data,278,No data,262,No data,No data,No data,No data,No data,854,No data,209,No data,No data,No data,No data,No data,No data,No data,No data,No data,333,No data,No data,No data,225,No data,253,No data,273,316,No data,212,No data,No data,444,No data,495,No data,310,No data,No data,No data,323,No data,No data,No data,No data,245,No data,No data,402,No data,373,No data,No data,No data,24,"{""type"":""Point"",""coordinates"":[120.71175385289852,0.8816935921968001]}"
18,No data,No data,257,285,No data,346,No data,298,No data,368,No data,359,No data,No data,No data,No data,No data,216,612,No data,No data,303,No data,294,No data,283,No data,287,No data,368,No data,334,No data,428,No data,No data,No data,No data,No data,No data,No data,No data,No data,No data,No data,No data,No data,No data,No data,No data,462,No data,394,No data,543,No data,No data,No data,284,No data,No data,No data,788,No data,No data,No data,No data,No data,208,No data,213,No data,267,No data,353,No data,243,No data,213,No data,306,No data,276,No data,No data,No data,No data,No data,974,No data,270,No data,No data,No data,No data,No data,No data,No data,625,No data,358,No data,No data,No data,240,No data,280,No data,233,224,No data,269,No data,No data,245,No data,342,No data,No data,No data,No data,No data,420,No data,No data,No data,No data,255,No data,No data,328,No data,336,No data,No data,No data,25,"{""type"":""Point"",""coordinates"":[120.72257609115526,0.8030528860182286]}"
19,No data,No data,239,No data,No data,310,No data,430,No data,596,No data,545,No data,No data,No data,No data,No data,453,703,No data,No data,471,No data,329,No data,306,No data,293,No data,384,No data,402,No data,317,No data,No data,No data,No data,No data,No data,No data,No data,No data,No data,No data,No data,No data,No data,No data,No data,No data,No data,589,No data,724,No data,No data,No data,241,No data,No data,No data,1292,No data,No data,No data,No data,No data,369,No data,405,No data,557,No data,613,No data,309,No data,321,No data,345,No data,399,No data,No data,No data,No data,No data,884,No data,334,No data,No data,No data,No data,No data,No data,No data,No data,No data,505,No data,No data,No data,398,No data,404,No data,398,417,No data,330,No data,No data,458,No data,No data,No data,606,No data,No data,No data,608,No data,No data,No data,No data,289,No data,No data,347,No data,336,No data,No data,No data,26,"{""type"":""Point"",""coordinates"":[120.75220235855434,0.8193419821664664]}"
0000000000000000001a,No data,No data,409,356,No data,250,No data,287,No data,320,No data,329,No data,No data,No data,No data,No data,308,588,No data,No data,318,No data,359,No data,380,No data,280,No data,398,No data,256,No data,292,No data,No data,No data,No data,No data,No data,No data,No data,No data,No data,No data,No data,No data,No data,No data,No data,360,No data,313,No data,287,No data,No data,No data,315,No data,No data,No data,872,No data,No data,No data,No data,No data,311,No data,311,No data,345,No data,350,No data,318,No data,289,No data,304,No data,264,No data,No data,No data,No data,No data,915,No data,290,No data,No data,No data,No data,No data,No data,No data,688,No data,338,No data,No data,No data,258,No data,293,No data,244,287,No data,290,No data,No data,290,No data,515,No data,No data,No data,No data,No data,287,No data,No data,No data,No data,248,No data,No data,257,No data,326,No data,No data,No data,27,"{""type"":""Point"",""coordinates"":[120.72796268522781,0.8057684785597771]}"
0000000000000000001b,No data,No data,337,No data,No data,457,No data,671,No data,521,No data,422,No data,No data,No data,No data,No data,205,590,No data,No data,301,No data,349,No data,517,No data,395,No data,330,No data,229,No data,256,No data,No data,No data,No data,No data,No data,No data,No data,No data,No data,No data,No data,No data,No data,No data,No data,No data,No data,460,No data,366,No data,No data,No data,159,No data,No data,No data,1413,No data,No data,No data,No data,No data,285,No data,220,No data,383,No data,338,No data,223,No data,209,No data,273,No data,285,No data,No data,No data,No data,No data,No data,No data,280,No data,No data,No data,No data,No data,No data,No data,No data,No data,404,No data,No data,No data,256,No data,290,No data,250,269,No data,210,123,No data,296,No data,No data,No data,254,No data,No data,No data,410,No data,No data,No data,No data,132,No data,No data,351,No data,308,No data,No data,No data,28,"{""type"":""Point"",""coordinates"":[120.75490011469168,0.8193419821664664]}"
0000000000000000001c,No data,No data,No data,No data,No data,No data,No data,No data,No data,No data,No data,No data,No data,No data,No data,No data,No data,No data,No data,No data,No data,No data,No data,No data,No data,No data,No data,No data,No data,No data,No data,No data,No data,No data,No data,No data,No data,No data,No data,No data,No data,No data,No data,No data,No data,No data,No data,No data,No data,No data,No data,No data,No data,No data,No data,No data,No data,No data,No data,No data,No data,No data,No data,No data,No data,No data,No data,No data,No data,No data,No data,No data,No data,No data,No data,No data,No data,No data,No data,No data,No data,No data,No data,No data,No data,No data,No data,No data,No data,No data,No data,No data,No data,No data,No data,No data,No data,No data,No data,No data,No data,No data,No data,No data,No data,No data,No data,No data,No data,No data,No data,No data,No data,No data,No data,No data,No data,No data,No data,No data,No data,No data,No data,No data,No data,No data,No data,No data,No data,No data,No data,No data,No data,No data,No data,No data,29,"{""type"":""Point"",""coordinates"":[120.8248500329171,0.9875392739024449]}"
0000000000000000001d,No data,No data,No data,No data,No data,No data,No data,No data,No data,No data,No data,No data,No data,No data,No data,No data,No data,No data,No data,No data,No data,No data,No data,No data,No data,No data,No data,No data,No data,No data,No data,No data,No data,No data,No data,No data,No data,No data,No data,No data,No data,No data,No data,No data,No data,No data,No data,No data,No data,No data,No data,No data,No data,No data,No data,No data,No data,No data,No data,No data,No data,No data,No data,No data,No data,No data,No data,No data,No data,No data,No data,No data,No data,No data,No data,No data,No data,No data,No data,No data,No data,No data,No data,No data,No data,No data,No data,No data,No data,No data,No data,No data,No data,No data,No data,No data,No data,No data,No data,No data,No data,No data,No data,No data,No data,No data,No data,No data,No data,No data,No data,No data,No data,No data,No data,No data,No data,No data,No data,No data,No data,No data,No data,No data,No data,No data,No data,No data,No data,No data,No data,No data,No data,No data,No data,No data,30,"{""type"":""Point"",""coordinates"":[120.77365063462142,0.992930327076061]}"
0000000000000000001e,No data,No data,282,368,No data,340,No data,311,No data,356,No data,340,No data,No data,No data,No data,No data,283,644,No data,No data,321,No data,294,No data,297,No data,291,No data,327,No data,296,No data,299,No data,311,No data,No data,No data,291,No data,No data,No data,327,No data,No data,No data,No data,No data,No data,406,No data,323,No data,367,No data,No data,No data,360,No data,No data,No data,352,No data,538,No data,755,No data,291,No data,304,No data,324,No data,369,No data,339,No data,358,No data,335,No data,303,No data,No data,No data,No data,No data,683,No data,326,No data,No data,No data,No data,No data,288,No data,No data,No data,363,No data,No data,No data,272,No data,269,No data,249,275,No data,221,No data,No data,304,No data,No data,No data,277,No data,No data,No data,292,No data,No data,313,No data,No data,No data,No data,315,No data,283,No data,No data,No data,31,"{""type"":""Point"",""coordinates"":[120.85454764593305,0.8953429005213978]}"
0000000000000000001f,No data,No data,No data,No data,No data,No data,No data,No data,No data,No data,No data,No data,No data,No data,No data,No data,No data,No data,No data,No data,No data,No data,No data,No data,No data,No data,No data,No data,No data,No data,No data,No data,No data,No data,No data,No data,No data,No data,No data,No data,No data,No data,No data,No data,No data,No data,No data,No data,No data,No data,No data,No data,No data,No data,No data,No data,No data,No data,No data,No data,No data,No data,No data,No data,No data,No data,No data,No data,No data,No data,No data,No data,No data,No data,No data,No data,No data,No data,No data,No data,No data,No data,No data,No data,No data,No data,No data,No data,No data,No data,No data,No data,No data,No data,No data,No data,No data,No data,No data,No data,No data,No data,No data,No data,No data,No data,No data,No data,No data,No data,No data,No data,No data,No data,No data,No data,No data,No data,No data,No data,No data,No data,No data,No data,No data,No data,No data,No data,No data,No data,No data,No data,No data,No data,No data,No data,32,"{""type"":""Point"",""coordinates"":[120.81949911165299,0.9251564501647372]}"
20,No data,No data,340,No data,No data,353,No data,387,No data,483,No data,414,No data,No data,No data,No data,No data,318,353,No data,No data,343,No data,324,No data,334,No data,310,No data,539,No data,374,No data,452,No data,No data,No data,No data,No data,No data,No data,No data,No data,No data,No data,No data,No data,No data,No data,No data,530,No data,399,No data,351,No data,No data,No data,No data,No data,No data,No data,958,No data,No data,No data,No data,No data,343,No data,369,No data,398,No data,439,No data,396,No data,382,No data,398,No data,402,No data,No data,No data,No data,No data,866,No data,342,No data,No data,No data,No data,No data,No data,No data,No data,No data,485,No data,No data,No data,315,No data,331,No data,256,286,No data,313,No data,No data,312,No data,No data,No data,377,No data,No data,No data,358,No data,No data,No data,No data,376,No data,No data,324,No data,387,No data,No data,No data,33,"{""type"":""Point"",""coordinates"":[120.78183754415554,0.8274932188921654]}"
21,No data,No data,No data,No data,No data,No data,No data,No data,No data,No data,No data,No data,No data,No data,No data,No data,No data,No data,No data,No data,No data,No data,No data,No data,No data,No data,No data,No data,No data,No data,No data,No data,No data,No data,No data,No data,No data,No data,No data,No data,No data,No data,No data,No data,No data,No data,No data,No data,No data,No data,No data,No data,No data,No data,No data,No data,No data,No data,No data,No data,No data,No data,No data,No data,No data,No data,No data,No data,No data,No data,No data,No data,No data,No data,No data,No data,No data,No data,No data,No data,No data,No data,No data,No data,No data,No data,No data,No data,No data,No data,No data,No data,No data,No data,No data,No data,No data,No data,No data,No data,No data,No data,No data,No data,No data,No data,No data,No data,No data,No data,No data,No data,No data,No data,No data,No data,No data,No data,No data,No data,No data,No data,No data,No data,No data,No data,No data,No data,No data,No data,No data,No data,No data,No data,No data,No data,34,"{""type"":""Point"",""coordinates"":[120.8437566213837,0.9143208346048636]}"
22,No data,No data,No data,437,No data,No data,No data,No data,No data,No data,No data,No data,No data,No data,No data,No data,No data,No data,No data,No data,No data,No data,No data,No data,No data,No data,No data,No data,No data,No data,No data,No data,No data,No data,No data,No data,No data,No data,No data,No data,No data,No data,No data,No data,No data,No data,No data,No data,No data,No data,No data,No data,No data,No data,No data,No data,No data,No data,No data,No data,No data,No data,No data,No data,No data,No data,No data,No data,No data,No data,No data,No data,No data,No data,No data,No data,No data,No data,No data,No data,No data,No data,No data,No data,No data,No data,No data,No data,900,No data,269,No data,No data,No data,No data,No data,No data,No data,No data,No data,No data,No data,No data,No data,No data,No data,No data,No data,No data,No data,No data,No data,No data,No data,No data,No data,No data,No data,No data,No data,No data,No data,No data,No data,No data,No data,No data,No data,No data,No data,No data,No data,218,No data,No data,No data,35,"{""type"":""Point"",""coordinates"":[120.79525497922539,0.9170052134390378]}"
23,No data,No data,403,No data,No data,345,No data,350,No data,408,No data,381,No data,No data,No data,No data,No data,506,657,No data,No data,244,No data,304,No data,348,No data,375,No data,491,No data,392,No data,358,No data,402,No data,No data,No data,No data,No data,No data,No data,No data,No data,No data,No data,No data,No data,No data,No data,No data,235,No data,249,No data,No data,No data,494,No data,No data,No data,429,No data,No data,No data,No data,No data,284,No data,290,No data,497,No data,422,No data,215,No data,203,No data,203,No data,292,No data,No data,No data,No data,No data,921,No data,325,No data,No data,No data,No data,No data,No data,No data,No data,No data,326,No data,No data,No data,216,No data,285,No data,310,446,No data,459,No data,No data,367,No data,No data,No data,451,No data,No data,No data,489,No data,No data,No data,No data,No data,No data,No data,260,No data,254,No data,No data,No data,36,"{""type"":""Point"",""coordinates"":[120.81415710859092,0.8437867741414566]}"
24,No data,No data,256,558,No data,320,No data,407,No data,355,No data,307,No data,No data,No data,No data,No data,210,526,No data,No data,222,No data,280,No data,442,No data,479,No data,411,No data,319,No data,260,No data,No data,No data,No data,No data,No data,No data,No data,No data,194,No data,No data,No data,No data,No data,No data,No data,No data,No data,No data,269,No data,No data,No data,309,No data,No data,No data,900,No data,No data,No data,No data,No data,247,No data,268,No data,276,No data,325,No data,268,No data,256,No data,268,No data,303,No data,No data,No data,No data,No data,802,No data,308,No data,No data,No data,No data,No data,277,No data,No data,No data,268,No data,No data,No data,133,No data,235,No data,271,373,No data,227,No data,No data,294,No data,300,No data,262,No data,No data,No data,296,No data,No data,635,No data,No data,No data,No data,301,No data,151,No data,No data,No data,37,"{""type"":""Point"",""coordinates"":[120.77640635907244,0.8980094429513584]}"
25,No data,No data,262,334,No data,300,No data,352,No data,690,No data,381,No data,No data,No data,No data,No data,171,647,No data,No data,372,No data,371,No data,414,No data,547,No data,512,No data,424,No data,No data,No data,No data,No data,No data,No data,301,No data,No data,No data,285,No data,No data,No data,No data,No data,No data,391,No data,354,No data,393,No data,No data,No data,334,No data,No data,No data,No data,No data,579,No data,816,No data,265,No data,331,No data,370,No data,372,No data,347,No data,304,No data,311,No data,313,No data,No data,No data,No data,No data,695,No data,368,No data,No data,No data,No data,No data,234,No data,No data,No data,352,No data,No data,No data,300,No data,266,No data,284,310,No data,309,No data,No data,363,No data,No data,No data,352,No data,No data,No data,328,No data,No data,294,No data,No data,No data,No data,309,No data,301,No data,No data,No data,38,"{""type"":""Point"",""coordinates"":[120.85723648386825,0.8980540339618931]}"
26,No data,No data,No data,No data,No data,No data,No data,No data,No data,No data,No data,No data,No data,No data,No data,No data,No data,No data,No data,No data,No data,No data,No data,No data,No data,No data,No data,No data,No data,No data,No data,No data,No data,No data,No data,No data,No data,No data,No data,No data,No data,No data,No data,No data,No data,No data,No data,No data,No data,No data,No data,No data,No data,No data,No data,No data,No data,No data,No data,No data,No data,No data,No data,No data,No data,No data,No data,No data,No data,No data,No data,No data,No data,No data,No data,No data,No data,No data,No data,No data,No data,No data,No data,No data,No data,No data,No data,No data,No data,No data,No data,No data,No data,No data,No data,No data,No data,No data,No data,No data,No data,No data,No data,No data,No data,No data,No data,No data,No data,No data,No data,No data,No data,No data,No data,No data,No data,No data,No data,No data,No data,No data,No data,No data,No data,No data,No data,No data,No data,No data,No data,No data,No data,No data,No data,No data,39,"{""type"":""Point"",""coordinates"":[120.85703582432085,1.1936924338053545]}"
27,No data,No data,No data,No data,No data,No data,No data,No data,No data,No data,No data,No data,No data,No data,No data,No data,No data,No data,No data,No data,No data,No data,No data,No data,No data,No data,No data,No data,No data,No data,No data,No data,No data,No data,No data,No data,No data,No data,No data,No data,No data,No data,No data,No data,No data,No data,No data,No data,No data,No data,No data,No data,No data,No data,No data,No data,No data,No data,No data,No data,No data,No data,No data,No data,No data,No data,No data,No data,No data,No data,No data,No data,No data,No data,No data,No data,No data,No data,No data,No data,No data,No data,No data,No data,No data,No data,No data,No data,No data,No data,No data,No data,No data,No data,No data,No data,No data,No data,No data,No data,No data,No data,No data,No data,No data,No data,No data,No data,No data,No data,No data,No data,No data,No data,No data,No data,No data,No data,No data,No data,No data,No data,No data,No data,No data,No data,No data,No data,No data,No data,No data,No data,No data,No data,No data,No data,40,"{""type"":""Point"",""coordinates"":[120.81400549915513,1.0824601580271471]}"
28,No data,No data,No data,No data,No data,No data,No data,No data,No data,No data,No data,No data,No data,No data,No data,No data,No data,No data,No data,No data,No data,No data,No data,No data,No data,No data,No data,No data,No data,No data,No data,No data,No data,No data,No data,No data,No data,No data,No data,No data,No data,No data,No data,No data,No data,No data,No data,No data,No data,No data,No data,No data,No data,No data,No data,No data,No data,No data,No data,No data,No data,No data,No data,No data,No data,No data,No data,No data,No data,No data,No data,No data,No data,No data,No data,No data,No data,No data,No data,No data,No data,No data,No data,No data,No data,No data,No data,No data,No data,No data,No data,No data,No data,No data,No data,No data,No data,No data,No data,No data,No data,No data,No data,No data,No data,No data,No data,No data,No data,No data,No data,No data,No data,No data,No data,No data,No data,No data,No data,No data,No data,No data,No data,No data,No data,No data,No data,No data,No data,No data,No data,No data,No data,No data,No data,No data,41,"{""type"":""Point"",""coordinates"":[120.82474747359285,1.1367095814433699]}"
29,No data,No data,No data,No data,No data,No data,No data,No data,No data,No data,No data,No data,No data,No data,No data,No data,No data,No data,No data,No data,No data,No data,No data,No data,No data,No data,No data,No data,No data,No data,No data,No data,No data,No data,No data,No data,No data,No data,No data,No data,No data,No data,No data,No data,No data,No data,No data,No data,No data,No data,No data,No data,No data,No data,No data,No data,No data,No data,No data,No data,No data,No data,No data,No data,No data,No data,No data,No data,No data,No data,No data,No data,No data,No data,No data,No data,No data,No data,No data,No data,No data,No data,No data,No data,No data,No data,No data,No data,No data,No data,No data,No data,No data,No data,No data,No data,No data,No data,No data,No data,No data,No data,No data,No data,No data,No data,No data,No data,No data,No data,No data,No data,No data,No data,No data,No data,No data,No data,No data,No data,No data,No data,No data,No data,No data,No data,No data,No data,No data,No data,No data,No data,No data,No data,No data,No data,42,"{""type"":""Point"",""coordinates"":[120.83016082227174,1.1041670619553217]}"
0000000000000000002a,No data,No data,No data,No data,No data,No data,No data,No data,No data,No data,No data,No data,No data,No data,No data,No data,No data,No data,No data,No data,No data,No data,No data,No data,No data,No data,No data,No data,No data,No data,No data,No data,No data,No data,No data,No data,No data,No data,No data,No data,No data,No data,No data,No data,No data,No data,No data,No data,No data,No data,No data,No data,No data,No data,No data,No data,No data,No data,No data,No data,No data,No data,No data,No data,No data,No data,No data,No data,No data,No data,No data,No data,No data,No data,No data,No data,No data,No data,No data,No data,No data,No data,No data,No data,No data,No data,No data,No data,No data,No data,No data,No data,No data,No data,No data,No data,No data,No data,No data,No data,No data,No data,No data,No data,No data,No data,No data,No data,No data,No data,No data,No data,No data,No data,No data,No data,No data,No data,No data,No data,No data,No data,No data,No data,No data,No data,No data,No data,No data,No data,No data,No data,No data,No data,No data,No data,43,"{""type"":""Point"",""coordinates"":[120.84092955131582,1.1123138395799674]}"
0000000000000000002b,No data,No data,No data,No data,No data,No data,No data,No data,No data,No data,No data,No data,No data,No data,No data,No data,No data,No data,No data,No data,No data,No data,No data,No data,No data,No data,No data,No data,No data,No data,No data,No data,No data,No data,No data,No data,No data,No data,No data,No data,No data,No data,No data,No data,No data,No data,No data,No data,No data,No data,No data,No data,No data,No data,No data,No data,No data,No data,No data,No data,No data,No data,No data,No data,No data,No data,No data,No data,No data,No data,No data,No data,No data,No data,No data,No data,No data,No data,No data,No data,No data,No data,No data,No data,No data,No data,No data,No data,No data,No data,No data,No data,No data,No data,No data,No data,No data,No data,No data,No data,No data,No data,No data,No data,No data,No data,No data,No data,No data,No data,No data,No data,No data,No data,No data,No data,No data,No data,No data,No data,No data,No data,No data,No data,No data,No data,No data,No data,No data,No data,No data,No data,No data,No data,No data,No data,44,"{""type"":""Point"",""coordinates"":[120.82475639179493,1.1231494551398409]}"
0000000000000000002c,No data,No data,No data,No data,No data,No data,No data,No data,No data,No data,No data,No data,No data,No data,No data,No data,No data,No data,No data,No data,No data,No data,No data,No data,No data,No data,No data,No data,No data,No data,No data,No data,No data,No data,No data,No data,No data,No data,No data,No data,No data,No data,No data,No data,No data,No data,No data,No data,No data,No data,No data,No data,No data,No data,No data,No data,No data,No data,No data,No data,No data,No data,No data,No data,No data,No data,No data,No data,No data,No data,No data,No data,No data,No data,No data,No data,No data,No data,No data,No data,No data,No data,No data,No data,No data,No data,No data,No data,No data,No data,No data,No data,No data,No data,No data,No data,No data,No data,No data,No data,No data,No data,No data,No data,No data,No data,No data,No data,No data,No data,No data,No data,No data,No data,No data,No data,No data,No data,No data,No data,No data,No data,No data,No data,No data,No data,No data,No data,No data,No data,No data,No data,No data,No data,No data,No data,45,"{""type"":""Point"",""coordinates"":[120.83818274506687,1.1828300636391604]}"
0000000000000000002d,No data,No data,No data,No data,No data,No data,No data,No data,No data,No data,No data,No data,No data,No data,No data,No data,No data,No data,No data,No data,No data,No data,No data,No data,No data,No data,No data,No data,No data,No data,No data,No data,No data,No data,No data,No data,No data,No data,No data,No data,No data,No data,No data,No data,No data,No data,No data,No data,No data,No data,No data,No data,No data,No data,No data,No data,No data,No data,No data,No data,No data,No data,No data,No data,No data,No data,No data,No data,No data,No data,No data,No data,No data,No data,No data,No data,No data,No data,No data,No data,No data,No data,No data,No data,No data,No data,No data,No data,No data,No data,No data,No data,No data,No data,No data,No data,No data,No data,No data,No data,No data,No data,No data,No data,No data,No data,No data,No data,No data,No data,No data,No data,No data,No data,No data,No data,No data,No data,No data,No data,No data,No data,No data,No data,No data,No data,No data,No data,No data,No data,No data,No data,No data,No data,No data,No data,46,"{""type"":""Point"",""coordinates"":[120.8085876913752,1.1231405369377343]}"
0000000000000000002e,No data,No data,No data,No data,No data,No data,No data,No data,No data,No data,No data,No data,No data,No data,No data,No data,No data,No data,No data,No data,No data,No data,No data,No data,No data,No data,No data,No data,No data,No data,No data,No data,No data,No data,No data,No data,No data,No data,No data,No data,No data,No data,No data,No data,No data,No data,No data,No data,No data,No data,No data,No data,No data,No data,No data,No data,No data,No data,No data,No data,No data,No data,No data,No data,No data,No data,No data,No data,No data,No data,No data,No data,No data,No data,No data,No data,No data,No data,No data,No data,No data,No data,No data,No data,No data,No data,No data,No data,No data,No data,No data,No data,No data,No data,No data,No data,No data,No data,No data,No data,No data,No data,No data,No data,No data,No data,No data,No data,No data,No data,No data,No data,No data,No data,No data,No data,No data,No data,No data,No data,No data,No data,No data,No data,No data,No data,No data,No data,No data,No data,No data,No data,No data,No data,No data,No data,47,"{""type"":""Point"",""coordinates"":[120.80860106867831,1.1041536846521616]}"
0000000000000000002f,No data,No data,No data,No data,No data,No data,No data,No data,No data,No data,No data,No data,No data,No data,No data,No data,No data,No data,No data,No data,No data,No data,No data,No data,No data,No data,No data,No data,No data,No data,No data,No data,No data,No data,No data,No data,No data,No data,No data,No data,No data,No data,No data,No data,No data,No data,No data,No data,No data,No data,No data,No data,No data,No data,No data,No data,No data,No data,No data,No data,No data,No data,No data,No data,No data,No data,No data,No data,No data,No data,No data,No data,No data,No data,No data,No data,No data,No data,No data,No data,No data,No data,No data,No data,No data,No data,No data,No data,No data,No data,No data,No data,No data,No data,No data,No data,No data,No data,No data,No data,No data,No data,No data,No data,No data,No data,No data,No data,No data,No data,No data,No data,No data,No data,No data,No data,No data,No data,No data,No data,No data,No data,No data,No data,No data,No data,No data,No data,No data,No data,No data,No data,No data,No data,No data,No data,48,"{""type"":""Point"",""coordinates"":[121.05370001718202,1.2833560377880442]}"
30,No data,No data,No data,No data,No data,No data,No data,No data,No data,No data,No data,No data,No data,No data,No data,No data,No data,No data,No data,No data,No data,No data,No data,No data,No data,No data,No data,No data,No data,No data,No data,No data,No data,No data,No data,No data,No data,No data,No data,No data,No data,No data,No data,No data,No data,No data,No data,No data,No data,No data,No data,No data,No data,No data,No data,No data,No data,No data,No data,No data,No data,No data,No data,No data,No data,No data,No data,No data,No data,No data,No data,No data,No data,No data,No data,No data,No data,No data,No data,No data,No data,No data,No data,No data,No data,No data,No data,No data,No data,No data,No data,No data,No data,No data,No data,No data,No data,No data,No data,No data,No data,No data,No data,No data,No data,No data,No data,No data,No data,No data,No data,No data,No data,No data,No data,No data,No data,No data,No data,No data,No data,No data,No data,No data,No data,No data,No data,No data,No data,No data,No data,No data,No data,No data,No data,No data,49,"{""type"":""Point"",""coordinates"":[120.97280746497148,1.3294051743669801]}"
31,No data,No data,No data,No data,No data,No data,No data,No data,No data,No data,No data,No data,No data,No data,No data,No data,No data,No data,No data,No data,No data,No data,No data,No data,No data,No data,No data,No data,No data,No data,No data,No data,No data,No data,No data,No data,No data,No data,No data,No data,No data,No data,No data,No data,No data,No data,No data,No data,No data,No data,No data,No data,No data,No data,No data,No data,No data,No data,No data,No data,No data,No data,No data,No data,No data,No data,No data,No data,No data,No data,No data,No data,No data,No data,No data,No data,No data,No data,No data,No data,No data,No data,No data,No data,No data,No data,No data,No data,No data,No data,No data,No data,No data,No data,No data,No data,No data,No data,No data,No data,No data,No data,No data,No data,No data,No data,No data,No data,No data,No data,No data,No data,No data,No data,No data,No data,No data,No data,No data,No data,No data,No data,No data,No data,No data,No data,No data,No data,No data,No data,No data,No data,No data,No data,No data,No data,50,"{""type"":""Point"",""coordinates"":[121.05908215215355,1.2914983563116367]}"
32,No data,No data,No data,No data,No data,No data,No data,No data,No data,No data,No data,No data,No data,No data,No data,No data,No data,No data,No data,No data,No data,No data,No data,No data,No data,No data,No data,No data,No data,No data,No data,No data,No data,No data,No data,No data,No data,No data,No data,No data,No data,No data,No data,No data,No data,No data,No data,No data,No data,No data,No data,No data,No data,No data,No data,No data,No data,No data,No data,No data,No data,No data,No data,No data,No data,No data,No data,No data,No data,No data,No data,No data,No data,No data,No data,No data,No data,No data,No data,No data,No data,No data,No data,No data,No data,No data,No data,No data,No data,No data,No data,No data,No data,No data,No data,No data,No data,No data,No data,No data,No data,No data,No data,No data,No data,No data,No data,No data,No data,No data,No data,No data,No data,No data,No data,No data,No data,No data,No data,No data,No data,No data,No data,No data,No data,No data,No data,No data,No data,No data,No data,No data,No data,No data,No data,No data,51,"{""type"":""Point"",""coordinates"":[120.8327604781859,1.2262215759902426]}"
33,No data,No data,No data,No data,No data,No data,No data,No data,No data,No data,No data,No data,No data,No data,No data,No data,No data,No data,No data,No data,No data,No data,No data,No data,No data,No data,No data,No data,No data,No data,No data,No data,No data,No data,No data,No data,No data,No data,No data,No data,No data,No data,No data,No data,No data,No data,No data,No data,No data,No data,No data,No data,No data,No data,No data,No data,No data,No data,No data,No data,No data,No data,No data,No data,No data,No data,No data,No data,No data,No data,No data,No data,No data,No data,No data,No data,No data,No data,No data,No data,No data,No data,No data,No data,No data,No data,No data,No data,No data,No data,No data,No data,No data,No data,No data,No data,No data,No data,No data,No data,No data,No data,No data,No data,No data,No data,No data,No data,No data,No data,No data,No data,No data,No data,No data,No data,No data,No data,No data,No data,No data,No data,No data,No data,No data,No data,No data,No data,No data,No data,No data,No data,No data,No data,No data,No data,52,"{""type"":""Point"",""coordinates"":[120.82466720977389,1.2370616506511694]}"
34,No data,No data,No data,No data,No data,No data,No data,No data,No data,No data,No data,No data,No data,No data,No data,No data,No data,No data,No data,No data,No data,No data,No data,No data,No data,No data,No data,No data,No data,No data,No data,No data,No data,No data,No data,No data,No data,No data,No data,No data,No data,No data,No data,No data,No data,No data,No data,No data,No data,No data,No data,No data,No data,No data,No data,No data,No data,No data,No data,No data,No data,No data,No data,No data,No data,No data,No data,No data,No data,No data,No data,No data,No data,No data,No data,No data,No data,No data,No data,No data,No data,No data,No data,No data,No data,No data,No data,No data,No data,No data,No data,No data,No data,No data,No data,No data,No data,No data,No data,No data,No data,No data,No data,No data,No data,No data,No data,No data,No data,No data,No data,No data,No data,No data,No data,No data,No data,No data,No data,No data,No data,No data,No data,No data,No data,No data,No data,No data,No data,No data,No data,No data,No data,No data,No data,No data,53,"{""type"":""Point"",""coordinates"":[120.82466275067287,1.2424883766332129]}"
