system:index,1/3/2018,1/10/2018,1/19/2018,2/4/2018,2/11/2018,2/20/2018,2/27/2018,3/8/2018,3/15/2018,3/24/2018,3/31/2018,4/9/2018,4/16/2018,4/25/2018,5/2/2018,5/11/2018,5/18/2018,5/27/2018,6/12/2018,6/19/2018,6/28/2018,7/14/2018,7/21/2018,7/30/2018,8/6/2018,8/15/2018,8/22/2018,8/31/2018,9/7/2018,9/16/2018,9/23/2018,10/2/2018,10/9/2018,10/18/2018,10/25/2018,11/3/2018,11/10/2018,11/19/2018,11/26/2018,12/5/2018,12/12/2018,12/21/2018,12/28/2018,1/6/2019,1/13/2019,1/22/2019,2/7/2019,2/14/2019,2/23/2019,3/2/2019,3/11/2019,3/18/2019,3/27/2019,4/3/2019,4/12/2019,4/19/2019,4/28/2019,5/5/2019,5/14/2019,5/21/2019,5/30/2019,6/6/2019,6/15/2019,6/22/2019,7/1/2019,7/8/2019,7/17/2019,7/24/2019,8/2/2019,8/9/2019,8/18/2019,8/25/2019,9/3/2019,9/10/2019,9/19/2019,9/26/2019,10/5/2019,10/12/2019,10/21/2019,10/28/2019,11/6/2019,11/13/2019,11/22/2019,11/29/2019,12/8/2019,12/15/2019,12/24/2019,12/31/2019,1/9/2020,1/16/2020,1/25/2020,2/1/2020,2/10/2020,2/17/2020,2/26/2020,3/4/2020,3/13/2020,3/20/2020,3/29/2020,4/5/2020,4/14/2020,4/21/2020,4/30/2020,5/7/2020,5/16/2020,5/23/2020,6/1/2020,6/8/2020,6/17/2020,7/3/2020,7/10/2020,7/19/2020,8/4/2020,8/11/2020,8/20/2020,8/27/2020,9/5/2020,9/12/2020,9/21/2020,9/28/2020,10/7/2020,10/14/2020,10/23/2020,10/30/2020,11/15/2020,11/24/2020,12/1/2020,12/10/2020,12/26/2020,1/2/2021,1/11/2021,1/18/2021,1/27/2021,2/3/2021,2/12/2021,2/19/2021,ID,.geo
0,No data,No data,1507,No data,No data,3035,No data,2833,No data,No data,No data,No data,No data,No data,No data,No data,No data,1691,No data,No data,3524,No data,No data,1624,No data,2776,No data,3013,No data,2954,No data,2858,No data,2941,No data,No data,No data,No data,No data,2140,No data,No data,No data,No data,No data,No data,No data,No data,3670,No data,3558,No data,3037,No data,3522,No data,No data,No data,No data,No data,No data,No data,No data,No data,No data,No data,No data,No data,3158,No data,3363,No data,3487,No data,3472,No data,3365,No data,2670,No data,1883,No data,1305,No data,No data,No data,No data,No data,2005,No data,2364,No data,No data,No data,No data,No data,No data,No data,3076,No data,2908,No data,No data,No data,1012,No data,No data,No data,1220,No data,No data,3764,No data,No data,3111,No data,No data,No data,1847,No data,No data,No data,1826,No data,No data,No data,No data,No data,No data,No data,3361,No data,3441,No data,No data,No data,1,"{""type"":""Point"",""coordinates"":[120.18928098246627,0.7485002437303718]}"
1,No data,No data,No data,No data,No data,3011,No data,3293,No data,No data,No data,No data,3397,No data,3517,No data,No data,No data,No data,No data,6907,No data,3030,4044,2906,3984,2581,3011,2626,No data,2819,3802,No data,No data,3310,No data,No data,No data,3500,5168,No data,No data,No data,No data,2741,No data,2707,2436,No data,2311,No data,2391,3657,No data,No data,3448,No data,No data,2600,No data,No data,No data,No data,No data,No data,3468,No data,No data,No data,3365,No data,No data,No data,3592,No data,No data,No data,3305,4074,No data,4263,No data,3906,No data,No data,No data,No data,No data,No data,No data,2094,No data,No data,3334,No data,No data,No data,No data,No data,3769,4000,No data,No data,No data,No data,No data,No data,No data,3178,No data,No data,4503,No data,No data,3797,No data,No data,No data,5252,No data,No data,No data,No data,3568,No data,No data,No data,No data,No data,3691,No data,No data,3398,No data,No data,No data,2,"{""type"":""Point"",""coordinates"":[120.22701835468159,0.6915931960862954]}"
2,No data,No data,1239,2240,No data,2775,No data,3029,No data,No data,No data,No data,No data,No data,No data,No data,No data,1634,No data,No data,3711,2495,No data,2730,No data,2840,No data,2837,No data,2831,No data,3112,No data,2505,No data,No data,No data,No data,No data,1074,No data,No data,No data,No data,No data,No data,No data,No data,3319,No data,4405,No data,3199,No data,3406,No data,No data,No data,No data,No data,No data,No data,No data,No data,No data,No data,No data,No data,2342,No data,2367,No data,2717,No data,3143,No data,2710,No data,2056,No data,2632,No data,1340,No data,No data,No data,No data,No data,1898,No data,2716,No data,No data,No data,No data,No data,No data,No data,No data,No data,2523,No data,No data,No data,1246,No data,1406,No data,1675,No data,No data,3277,No data,No data,3242,No data,No data,No data,2817,No data,No data,No data,2569,No data,No data,No data,No data,No data,No data,No data,2421,No data,2716,No data,No data,No data,3,"{""type"":""Point"",""coordinates"":[120.20543184648186,0.756642562253964]}"
3,No data,No data,1680,No data,No data,2549,No data,3076,No data,No data,No data,No data,No data,No data,No data,No data,No data,No data,3004,No data,5898,3105,No data,3007,No data,3341,No data,3280,No data,3286,No data,3247,No data,3287,No data,No data,No data,No data,No data,933,No data,No data,No data,No data,No data,No data,No data,No data,3977,No data,3337,No data,3610,No data,No data,No data,No data,No data,1217,No data,No data,No data,2544,No data,No data,No data,No data,No data,3189,No data,3410,No data,3656,No data,3396,No data,2825,No data,1871,No data,2091,No data,1738,No data,No data,No data,No data,No data,1850,No data,2115,No data,No data,No data,No data,No data,No data,No data,3664,No data,3730,No data,No data,No data,1901,No data,1348,No data,1371,No data,No data,2760,No data,No data,3249,No data,No data,No data,2930,No data,No data,No data,1860,No data,No data,No data,No data,No data,No data,No data,2438,No data,3167,No data,No data,No data,4,"{""type"":""Point"",""coordinates"":[120.23773803361411,0.7783539252831918]}"
4,No data,No data,No data,No data,No data,3603,4740,3538,No data,No data,No data,No data,3528,No data,3341,No data,No data,No data,No data,3287,3450,No data,No data,3841,3230,3585,3528,3797,3804,No data,3476,3908,3914,3957,3430,No data,No data,No data,4293,No data,No data,No data,No data,No data,3399,No data,3177,3149,No data,2868,No data,2804,3901,No data,No data,3543,No data,No data,No data,3715,No data,No data,No data,No data,No data,3111,No data,No data,3730,3309,4602,No data,3539,3165,4200,3523,No data,No data,No data,No data,4044,3370,4030,No data,No data,No data,No data,No data,No data,No data,No data,No data,No data,3681,No data,No data,No data,No data,No data,3653,3766,No data,No data,1012,3492,No data,3665,No data,3056,No data,No data,3339,No data,No data,4022,3723,No data,No data,No data,No data,No data,No data,4947,3701,4482,No data,No data,No data,No data,6120,No data,No data,No data,No data,No data,No data,5,"{""type"":""Point"",""coordinates"":[120.25396470234759,0.6617885646450632]}"
5,No data,No data,1069,No data,No data,1385,No data,2147,No data,No data,No data,No data,No data,No data,No data,No data,No data,1437,No data,No data,4403,No data,No data,3140,No data,2708,No data,2476,No data,2930,No data,2789,No data,1791,No data,No data,No data,No data,No data,1003,No data,No data,No data,No data,No data,No data,3439,No data,3711,No data,3571,No data,3268,No data,2305,No data,No data,No data,No data,No data,No data,No data,2828,No data,No data,No data,No data,No data,3624,No data,3809,No data,4080,No data,1859,No data,1781,No data,1595,No data,1288,No data,879,No data,No data,No data,No data,No data,3064,No data,No data,No data,No data,No data,No data,No data,No data,No data,2357,No data,2379,No data,No data,No data,1103,No data,1490,No data,1538,2937,No data,3784,No data,No data,3179,No data,No data,No data,2007,No data,No data,No data,2313,No data,No data,No data,No data,No data,No data,No data,2681,No data,3245,No data,No data,No data,6,"{""type"":""Point"",""coordinates"":[120.17581895638592,0.7457801920877697]}"
6,No data,No data,1632,1109,No data,1490,No data,1733,No data,No data,No data,No data,No data,No data,No data,No data,No data,2531,No data,No data,4360,No data,No data,1669,No data,1737,No data,2404,No data,2961,No data,2934,No data,2629,No data,No data,No data,No data,No data,1427,No data,No data,No data,No data,No data,No data,No data,No data,2791,No data,No data,No data,2963,No data,3558,No data,No data,No data,1865,No data,No data,No data,No data,No data,No data,No data,No data,No data,2551,No data,3100,No data,3187,No data,3215,No data,2816,No data,No data,No data,2083,No data,1427,No data,No data,No data,No data,No data,1626,No data,No data,No data,No data,No data,No data,No data,No data,2680,3088,No data,2426,No data,No data,No data,1158,No data,926,No data,1386,No data,No data,2876,No data,No data,3303,No data,No data,No data,2811,No data,No data,No data,1699,No data,No data,No data,No data,No data,No data,No data,2823,No data,3504,No data,No data,No data,7,"{""type"":""Point"",""coordinates"":[120.2188849543601,0.7783405479800314]}"
7,No data,No data,2419,No data,No data,3135,No data,3087,No data,No data,No data,No data,No data,No data,No data,No data,No data,1717,No data,No data,3230,No data,No data,2340,No data,2453,No data,2438,No data,2461,No data,2818,No data,3192,No data,No data,No data,No data,No data,1239,No data,No data,No data,No data,No data,No data,3018,No data,3033,No data,No data,No data,2262,No data,1726,No data,No data,No data,No data,No data,No data,No data,2177,No data,No data,No data,No data,No data,3350,No data,2901,No data,2849,No data,1716,No data,1769,No data,1649,No data,1045,No data,1231,No data,No data,No data,No data,No data,3146,No data,No data,No data,No data,No data,No data,No data,No data,No data,3121,No data,3279,No data,No data,No data,1569,No data,1211,No data,977,1980,No data,3315,No data,No data,2920,No data,2408,No data,2888,No data,No data,No data,1427,No data,No data,No data,No data,No data,No data,No data,3574,No data,3852,No data,No data,No data,8,"{""type"":""Point"",""coordinates"":[120.15427258009568,0.7457668147846093]}"
8,No data,No data,1590,No data,No data,2172,No data,2942,No data,3397,No data,3877,No data,No data,No data,No data,No data,2577,3309,No data,2824,3045,No data,3091,No data,No data,No data,3128,No data,3046,No data,3023,No data,2966,No data,No data,No data,No data,No data,3248,No data,No data,No data,No data,No data,No data,No data,No data,No data,No data,No data,No data,3442,No data,2916,No data,No data,No data,3626,No data,No data,No data,4068,No data,No data,No data,No data,No data,3778,No data,3564,No data,3303,No data,3209,No data,3034,No data,3022,No data,3646,No data,3702,No data,No data,No data,No data,No data,No data,No data,1888,No data,No data,No data,No data,No data,3941,No data,4615,No data,3777,No data,No data,No data,2464,No data,2009,No data,1109,1093,No data,2173,No data,No data,3462,No data,3723,No data,3506,No data,No data,No data,2963,No data,No data,No data,No data,No data,No data,No data,3156,No data,3443,No data,No data,No data,9,"{""type"":""Point"",""coordinates"":[120.32387002956243,0.8516124964902543]}"
9,No data,No data,3827,4559,No data,3480,No data,3563,No data,3644,No data,3850,No data,No data,No data,No data,No data,3636,No data,No data,4402,3357,No data,3528,No data,No data,No data,3604,No data,3450,No data,3472,No data,3717,No data,No data,No data,No data,No data,4084,No data,No data,No data,No data,No data,No data,No data,No data,4660,No data,No data,No data,4270,No data,4800,No data,No data,No data,4790,No data,No data,No data,4547,No data,No data,No data,No data,No data,4206,No data,4881,No data,3982,No data,3932,No data,4086,No data,4663,No data,4663,No data,4502,No data,No data,No data,No data,No data,3818,No data,4177,No data,No data,No data,No data,No data,4663,No data,4531,No data,4333,No data,No data,No data,4437,No data,4810,No data,4166,4479,No data,3689,No data,No data,3758,No data,4082,No data,3886,No data,No data,No data,4062,No data,No data,No data,No data,No data,No data,No data,No data,No data,4135,No data,No data,No data,10,"{""type"":""Point"",""coordinates"":[120.31850127189412,0.8272078364247449]}"
0000000000000000000a,No data,No data,4522,No data,No data,2476,No data,No data,No data,No data,No data,No data,No data,No data,No data,No data,No data,3612,No data,No data,8628,2400,No data,3274,No data,2908,No data,3101,No data,3072,No data,3173,No data,3625,No data,No data,No data,No data,No data,2932,No data,No data,No data,No data,No data,No data,3680,No data,No data,No data,3650,No data,3289,No data,No data,No data,No data,No data,4057,No data,No data,No data,3969,No data,No data,No data,3493,No data,3904,No data,No data,No data,2785,No data,2362,No data,No data,No data,3206,No data,4250,No data,3891,No data,No data,No data,2644,No data,No data,No data,3883,No data,No data,No data,No data,No data,3947,3485,3608,No data,3265,No data,No data,No data,3692,No data,4019,No data,4291,No data,No data,3711,No data,No data,4015,No data,4366,No data,4328,No data,No data,No data,4272,No data,No data,3277,No data,No data,No data,No data,3683,No data,3792,No data,No data,No data,11,"{""type"":""Point"",""coordinates"":[120.2995456333159,0.9681733980273295]}"
0000000000000000000b,No data,No data,3165,3230,No data,1486,No data,1530,No data,2112,No data,1753,No data,No data,No data,No data,No data,2273,No data,No data,No data,2456,No data,3255,No data,3853,No data,4103,No data,3918,No data,3991,No data,3864,No data,No data,No data,No data,No data,3056,No data,No data,No data,No data,No data,No data,1790,No data,2012,No data,2526,No data,2582,No data,No data,No data,No data,No data,3068,No data,No data,No data,4017,No data,No data,No data,No data,No data,4133,No data,3832,No data,2667,No data,1868,No data,1391,No data,No data,No data,1405,No data,1574,No data,No data,No data,No data,No data,No data,No data,3459,No data,No data,No data,No data,No data,No data,No data,3032,No data,2885,No data,No data,No data,1570,No data,2013,No data,2567,No data,No data,2382,No data,No data,2277,No data,2696,No data,No data,No data,No data,No data,1694,No data,No data,No data,No data,No data,No data,No data,3007,No data,3225,No data,No data,No data,12,"{""type"":""Point"",""coordinates"":[120.43165542022633,0.7784743210116348]}"
0000000000000000000c,No data,No data,2383,No data,No data,3363,No data,3601,No data,3168,No data,2745,No data,No data,No data,No data,No data,1161,No data,No data,1878,1956,No data,2540,No data,3890,No data,2540,No data,2576,No data,2791,No data,2115,No data,No data,No data,No data,No data,1632,No data,No data,No data,No data,No data,No data,2531,No data,2629,No data,No data,No data,3161,No data,3464,No data,No data,No data,2545,No data,No data,No data,2941,No data,No data,No data,No data,No data,1249,No data,1714,No data,1580,No data,2404,No data,2536,No data,2621,No data,3113,No data,2903,No data,No data,No data,No data,No data,No data,No data,1220,No data,No data,No data,No data,No data,3170,No data,3298,No data,3324,No data,No data,No data,2342,No data,1651,No data,1611,1361,No data,1895,No data,No data,1688,No data,1914,No data,2775,No data,No data,No data,2854,No data,No data,No data,No data,No data,No data,No data,1125,No data,1286,No data,No data,No data,13,"{""type"":""Point"",""coordinates"":[120.34004764818435,0.82451008028741]}"
0000000000000000000d,No data,No data,1748,1521,No data,2393,No data,2910,No data,3360,No data,3190,No data,No data,No data,No data,No data,2678,No data,No data,No data,2950,No data,3014,No data,2804,No data,3049,No data,3236,No data,3451,No data,3320,No data,No data,No data,No data,No data,1204,No data,No data,No data,No data,No data,No data,No data,No data,3138,No data,3256,No data,2960,No data,2799,No data,No data,No data,2886,No data,No data,No data,3648,No data,No data,No data,No data,No data,3140,No data,3093,No data,3015,No data,3143,No data,3163,No data,No data,No data,3236,No data,2829,No data,No data,No data,No data,No data,No data,No data,2125,No data,No data,No data,No data,No data,No data,No data,2809,No data,3087,No data,No data,No data,2565,No data,2824,No data,2927,No data,No data,2972,No data,No data,3364,No data,No data,No data,No data,No data,No data,No data,1407,No data,No data,No data,No data,2208,No data,No data,2894,No data,2425,No data,No data,No data,14,"{""type"":""Point"",""coordinates"":[120.4478241206461,0.7703498388922565]}"
0000000000000000000e,No data,No data,3289,No data,No data,3665,No data,3965,No data,4891,No data,3668,No data,No data,No data,No data,No data,4849,No data,No data,5284,4636,No data,4479,No data,4583,No data,4431,No data,4036,No data,3932,No data,3427,No data,No data,No data,No data,No data,3198,No data,No data,No data,No data,No data,No data,No data,No data,3953,No data,4060,No data,3801,No data,4436,No data,No data,No data,4472,No data,No data,No data,6002,No data,No data,No data,No data,No data,4434,No data,4163,No data,3920,No data,3515,No data,3434,No data,3531,No data,3590,No data,3242,No data,No data,No data,No data,No data,No data,No data,3561,No data,No data,No data,No data,No data,No data,No data,No data,No data,4213,No data,No data,No data,4594,No data,5028,No data,4935,5709,No data,4666,5544,No data,4323,No data,4382,No data,3924,No data,No data,No data,3603,No data,No data,2313,No data,No data,No data,No data,3064,No data,No data,No data,No data,No data,15,"{""type"":""Point"",""coordinates"":[120.50977887068272,0.7649632448196939]}"
0000000000000000000f,No data,No data,No data,3652,No data,3772,No data,3969,No data,3927,No data,3430,No data,No data,No data,No data,No data,3261,No data,No data,4435,3824,No data,3875,No data,3566,No data,3765,No data,4151,No data,3673,No data,3657,No data,No data,No data,No data,No data,3718,No data,No data,No data,No data,No data,No data,2162,No data,1961,No data,3102,No data,2761,No data,3148,No data,No data,No data,No data,No data,No data,No data,3535,No data,No data,No data,No data,No data,2884,No data,3060,No data,3494,No data,3754,No data,4002,No data,No data,No data,4398,No data,4155,No data,No data,No data,No data,No data,No data,No data,4150,No data,No data,No data,No data,No data,No data,No data,No data,No data,2204,No data,No data,No data,2918,No data,3669,No data,4283,No data,No data,3708,No data,No data,3474,No data,3754,No data,No data,No data,No data,No data,3872,No data,No data,No data,No data,3398,No data,No data,4198,No data,No data,No data,No data,No data,16,"{""type"":""Point"",""coordinates"":[120.45860622699337,0.7540874973503394]}"
10,No data,No data,1844,No data,No data,2665,No data,2582,No data,2959,No data,2601,No data,No data,No data,No data,No data,1244,1657,No data,4795,1680,No data,2027,No data,3590,No data,2659,No data,2747,No data,2260,No data,2053,No data,No data,No data,No data,No data,2129,No data,No data,No data,No data,No data,No data,2356,No data,2354,No data,No data,No data,2473,No data,2616,No data,No data,No data,2172,No data,No data,No data,3704,No data,No data,No data,No data,No data,777,No data,1523,No data,1576,No data,1777,No data,1713,No data,1909,No data,2417,No data,2663,No data,No data,No data,No data,No data,No data,No data,779,No data,No data,No data,No data,No data,1966,No data,2311,No data,2578,No data,No data,No data,1804,No data,1704,No data,1479,1230,No data,1486,No data,No data,1971,No data,2507,No data,2419,No data,No data,No data,2250,No data,No data,No data,No data,No data,No data,No data,888,No data,1154,No data,No data,No data,17,"{""type"":""Point"",""coordinates"":[120.3454342422569,0.8272256728289589]}"
11,No data,No data,2765,3129,No data,3161,No data,2737,No data,2798,No data,2181,No data,No data,No data,No data,No data,1880,2758,No data,2447,2686,No data,2917,No data,3033,No data,2805,No data,1623,No data,1558,No data,1858,No data,No data,No data,No data,No data,2226,No data,No data,No data,No data,No data,No data,No data,No data,3749,No data,2940,No data,1534,No data,2637,No data,No data,No data,1053,No data,No data,No data,3108,No data,No data,No data,No data,No data,2654,No data,2754,No data,2861,No data,1822,No data,1468,No data,1262,No data,1459,No data,1066,No data,No data,No data,No data,No data,No data,No data,3524,No data,No data,No data,No data,No data,No data,No data,No data,No data,1268,No data,No data,No data,1123,No data,2203,No data,1555,2627,No data,3114,3575,No data,3064,No data,2760,No data,2596,No data,No data,No data,2631,No data,No data,No data,No data,1871,No data,No data,1952,No data,No data,No data,No data,No data,18,"{""type"":""Point"",""coordinates"":[120.52324089676306,0.7731100224443396]}"
12,No data,No data,1511,1933,No data,2454,No data,3304,No data,4011,No data,3550,No data,No data,No data,No data,No data,2156,No data,No data,3857,2280,No data,2606,No data,3005,No data,3183,No data,3452,No data,3621,No data,3703,No data,No data,No data,No data,No data,2595,No data,No data,No data,No data,No data,No data,2070,No data,2718,No data,3454,No data,3342,No data,No data,No data,No data,No data,3424,No data,No data,No data,3269,No data,No data,No data,No data,No data,2950,No data,3192,No data,3457,No data,3589,No data,3600,No data,No data,No data,3523,No data,2918,No data,No data,No data,No data,No data,No data,No data,1926,No data,No data,No data,No data,No data,No data,No data,No data,No data,2942,No data,No data,No data,3046,No data,2623,No data,2468,No data,No data,1885,No data,No data,2532,No data,2886,No data,3173,No data,No data,No data,2104,No data,No data,No data,No data,1754,No data,No data,2137,No data,No data,No data,No data,No data,19,"{""type"":""Point"",""coordinates"":[120.4666771999001,0.7730743496359119]}"
13,No data,No data,2048,1556,No data,2092,No data,2123,No data,2954,No data,3331,No data,No data,No data,No data,No data,3403,1727,No data,3187,3238,No data,3088,No data,2868,No data,2900,No data,2970,No data,3176,No data,2121,No data,No data,No data,No data,No data,2125,No data,No data,No data,No data,No data,No data,No data,No data,2958,No data,2167,No data,1496,No data,2665,No data,No data,No data,1860,No data,No data,No data,3515,No data,No data,No data,No data,No data,2672,No data,2770,No data,3083,No data,3434,No data,3714,No data,4147,No data,3785,No data,3339,No data,No data,No data,No data,No data,No data,No data,No data,No data,No data,No data,No data,No data,No data,No data,No data,No data,3228,No data,No data,No data,3285,No data,3482,No data,3902,4027,No data,3659,3942,No data,3028,No data,2579,No data,2108,No data,No data,No data,2645,No data,No data,No data,No data,No data,No data,No data,1915,No data,No data,No data,No data,No data,20,"{""type"":""Point"",""coordinates"":[120.53940067898074,0.7785412075274366]}"
14,No data,No data,4475,2722,No data,4119,No data,4249,No data,4854,No data,4557,No data,No data,No data,No data,No data,4638,4334,No data,No data,4336,No data,4100,No data,4396,No data,4504,No data,4430,No data,4499,No data,4256,No data,No data,No data,No data,No data,3315,No data,No data,No data,No data,No data,No data,No data,No data,No data,No data,No data,No data,4470,No data,No data,No data,No data,No data,2851,No data,No data,No data,3612,No data,No data,No data,No data,No data,4174,No data,4234,No data,4525,No data,4800,No data,4663,No data,4556,No data,4505,No data,4322,No data,No data,No data,No data,No data,3960,No data,4270,No data,No data,No data,No data,No data,No data,No data,4623,No data,4416,No data,No data,No data,4360,No data,4256,No data,4334,2995,No data,3522,No data,No data,4010,No data,4497,No data,4639,No data,No data,No data,3671,No data,No data,No data,No data,4610,No data,No data,3996,No data,3958,No data,No data,No data,21,"{""type"":""Point"",""coordinates"":[120.71176723020169,0.8627111990122811]}"
15,No data,No data,4770,4152,No data,4820,No data,4524,No data,4908,No data,4676,No data,No data,No data,No data,No data,4772,4471,No data,No data,4749,No data,4582,No data,4631,No data,4731,No data,4617,No data,4750,No data,4668,No data,No data,No data,No data,No data,No data,No data,No data,No data,No data,No data,No data,No data,No data,No data,No data,No data,No data,4993,No data,4584,No data,No data,No data,5927,No data,No data,No data,4325,No data,No data,No data,No data,No data,4684,No data,4617,No data,4475,No data,4624,No data,4695,No data,4875,No data,4964,No data,4809,No data,No data,No data,No data,No data,4390,No data,4827,No data,No data,No data,No data,No data,No data,No data,No data,No data,4791,No data,No data,No data,4987,No data,4854,No data,5052,3252,No data,4920,No data,No data,4565,No data,5374,No data,5276,No data,No data,No data,4836,No data,No data,No data,No data,5291,No data,No data,4943,No data,4997,No data,No data,No data,22,"{""type"":""Point"",""coordinates"":[120.72254041834682,0.8708535175358733]}"
16,No data,No data,2225,1918,No data,2461,No data,2704,No data,2958,No data,2691,No data,No data,No data,No data,No data,3371,3468,No data,No data,3553,No data,3333,No data,3254,No data,3457,No data,3462,No data,3619,No data,3648,No data,No data,No data,No data,No data,No data,No data,No data,No data,No data,No data,No data,No data,No data,No data,No data,No data,No data,3209,No data,No data,No data,No data,No data,No data,No data,No data,No data,3296,No data,No data,No data,No data,No data,3701,No data,3498,No data,3715,No data,3897,No data,3743,No data,3732,No data,3760,No data,3672,No data,No data,No data,No data,No data,3216,No data,3120,No data,No data,No data,No data,No data,No data,No data,No data,No data,3600,No data,No data,No data,4332,No data,4033,No data,3692,2205,No data,2650,No data,No data,2843,No data,3219,No data,3150,No data,No data,No data,3117,No data,No data,No data,No data,4036,No data,No data,3692,No data,3833,No data,No data,No data,23,"{""type"":""Point"",""coordinates"":[120.71176277110067,0.8708490584348196]}"
17,No data,No data,2953,No data,No data,1857,No data,1941,No data,3061,No data,3608,No data,No data,No data,No data,No data,3338,3000,No data,No data,3058,No data,3325,No data,3231,No data,3156,No data,3252,No data,3280,No data,3591,No data,No data,No data,No data,No data,No data,No data,No data,No data,No data,No data,No data,No data,No data,No data,No data,No data,No data,No data,No data,No data,No data,No data,No data,5457,No data,No data,No data,3422,No data,No data,No data,No data,No data,3687,No data,3789,No data,3890,No data,4583,No data,4856,No data,4391,No data,4017,No data,4140,No data,No data,No data,No data,No data,3143,No data,3641,No data,No data,No data,No data,No data,No data,No data,No data,No data,3417,No data,No data,No data,3734,No data,3975,No data,1840,2109,No data,1352,No data,No data,1514,No data,1856,No data,1785,No data,No data,No data,2020,No data,No data,No data,No data,3010,No data,No data,2192,No data,1751,No data,No data,No data,24,"{""type"":""Point"",""coordinates"":[120.71175385289852,0.8816935921968001]}"
18,No data,No data,2625,2726,No data,2243,No data,2665,No data,2897,No data,3062,No data,No data,No data,No data,No data,2818,3101,No data,No data,2779,No data,2789,No data,2691,No data,2830,No data,2948,No data,2890,No data,2646,No data,No data,No data,No data,No data,No data,No data,No data,No data,No data,No data,No data,No data,No data,No data,No data,3599,No data,1193,No data,2182,No data,No data,No data,1760,No data,No data,No data,2517,No data,No data,No data,No data,No data,1573,No data,1630,No data,2025,No data,2555,No data,2181,No data,2077,No data,2493,No data,2270,No data,No data,No data,No data,No data,2964,No data,2679,No data,No data,No data,No data,No data,No data,No data,3258,No data,3188,No data,No data,No data,2953,No data,3031,No data,3128,3283,No data,3051,No data,No data,3237,No data,4343,No data,No data,No data,No data,No data,3121,No data,No data,No data,No data,3852,No data,No data,2714,No data,2386,No data,No data,No data,25,"{""type"":""Point"",""coordinates"":[120.72257609115526,0.8030528860182286]}"
19,No data,No data,2951,No data,No data,3187,No data,2901,No data,2874,No data,2788,No data,No data,No data,No data,No data,1503,2018,No data,No data,1887,No data,2030,No data,2708,No data,3379,No data,3102,No data,2880,No data,2316,No data,No data,No data,No data,No data,No data,No data,No data,No data,No data,No data,No data,No data,No data,No data,No data,No data,No data,2686,No data,2585,No data,No data,No data,1443,No data,No data,No data,3134,No data,No data,No data,No data,No data,2639,No data,2739,No data,2631,No data,2622,No data,2731,No data,2672,No data,2853,No data,2555,No data,No data,No data,No data,No data,2538,No data,2835,No data,No data,No data,No data,No data,No data,No data,No data,No data,2053,No data,No data,No data,2365,No data,2258,No data,2005,2024,No data,1674,No data,No data,2167,No data,No data,No data,2455,No data,No data,No data,2124,No data,No data,No data,No data,2472,No data,No data,2634,No data,2493,No data,No data,No data,26,"{""type"":""Point"",""coordinates"":[120.75220235855434,0.8193419821664664]}"
0000000000000000001a,No data,No data,2035,2413,No data,2558,No data,2718,No data,3099,No data,3101,No data,No data,No data,No data,No data,3002,3163,No data,No data,3219,No data,1837,No data,1497,No data,883,No data,2036,No data,1342,No data,2020,No data,No data,No data,No data,No data,No data,No data,No data,No data,No data,No data,No data,No data,No data,No data,No data,3993,No data,3519,No data,3570,No data,No data,No data,4417,No data,No data,No data,4093,No data,No data,No data,No data,No data,3599,No data,3315,No data,3206,No data,3292,No data,3292,No data,3424,No data,3537,No data,3324,No data,No data,No data,No data,No data,3411,No data,3314,No data,No data,No data,No data,No data,No data,No data,3550,No data,3531,No data,No data,No data,3591,No data,3588,No data,3579,3544,No data,3446,No data,No data,3584,No data,4586,No data,No data,No data,No data,No data,3656,No data,No data,No data,No data,4110,No data,No data,3473,No data,3826,No data,No data,No data,27,"{""type"":""Point"",""coordinates"":[120.72796268522781,0.8057684785597771]}"
0000000000000000001b,No data,No data,1899,No data,No data,1597,No data,2132,No data,1984,No data,3043,No data,No data,No data,No data,No data,2518,2532,No data,No data,1136,No data,1449,No data,1963,No data,1929,No data,2604,No data,2280,No data,2230,No data,No data,No data,No data,No data,No data,No data,No data,No data,No data,No data,No data,No data,No data,No data,No data,No data,No data,2323,No data,2539,No data,No data,No data,1745,No data,No data,No data,3471,No data,No data,No data,No data,No data,1985,No data,1802,No data,2294,No data,2160,No data,1915,No data,2151,No data,2362,No data,2378,No data,No data,No data,No data,No data,No data,No data,2039,No data,No data,No data,No data,No data,No data,No data,No data,No data,2392,No data,No data,No data,2682,No data,2543,No data,2258,2217,No data,1807,1278,No data,2095,No data,No data,No data,1226,No data,No data,No data,1386,No data,No data,No data,No data,1281,No data,No data,1877,No data,2317,No data,No data,No data,28,"{""type"":""Point"",""coordinates"":[120.75490011469168,0.8193419821664664]}"
0000000000000000001c,No data,No data,No data,No data,No data,No data,No data,No data,No data,No data,No data,No data,No data,No data,No data,No data,No data,No data,No data,No data,No data,No data,No data,No data,No data,No data,No data,No data,No data,No data,No data,No data,No data,No data,No data,No data,No data,No data,No data,No data,No data,No data,No data,No data,No data,No data,No data,No data,No data,No data,No data,No data,No data,No data,No data,No data,No data,No data,No data,No data,No data,No data,No data,No data,No data,No data,No data,No data,No data,No data,No data,No data,No data,No data,No data,No data,No data,No data,No data,No data,No data,No data,No data,No data,No data,No data,No data,No data,No data,No data,No data,No data,No data,No data,No data,No data,No data,No data,No data,No data,No data,No data,No data,No data,No data,No data,No data,No data,No data,No data,No data,No data,No data,No data,No data,No data,No data,No data,No data,No data,No data,No data,No data,No data,No data,No data,No data,No data,No data,No data,No data,No data,No data,No data,No data,No data,29,"{""type"":""Point"",""coordinates"":[120.8248500329171,0.9875392739024449]}"
0000000000000000001d,No data,No data,No data,No data,No data,No data,No data,No data,No data,No data,No data,No data,No data,No data,No data,No data,No data,No data,No data,No data,No data,No data,No data,No data,No data,No data,No data,No data,No data,No data,No data,No data,No data,No data,No data,No data,No data,No data,No data,No data,No data,No data,No data,No data,No data,No data,No data,No data,No data,No data,No data,No data,No data,No data,No data,No data,No data,No data,No data,No data,No data,No data,No data,No data,No data,No data,No data,No data,No data,No data,No data,No data,No data,No data,No data,No data,No data,No data,No data,No data,No data,No data,No data,No data,No data,No data,No data,No data,No data,No data,No data,No data,No data,No data,No data,No data,No data,No data,No data,No data,No data,No data,No data,No data,No data,No data,No data,No data,No data,No data,No data,No data,No data,No data,No data,No data,No data,No data,No data,No data,No data,No data,No data,No data,No data,No data,No data,No data,No data,No data,No data,No data,No data,No data,No data,No data,30,"{""type"":""Point"",""coordinates"":[120.77365063462142,0.992930327076061]}"
0000000000000000001e,No data,No data,3281,2794,No data,2713,No data,2651,No data,2967,No data,2960,No data,No data,No data,No data,No data,3545,3765,No data,No data,3846,No data,3415,No data,3447,No data,3644,No data,3835,No data,3988,No data,3756,No data,3712,No data,No data,No data,3190,No data,No data,No data,3557,No data,No data,No data,No data,No data,No data,3939,No data,3636,No data,3535,No data,No data,No data,3379,No data,No data,No data,3754,No data,4070,No data,3724,No data,3665,No data,3663,No data,3903,No data,4002,No data,4302,No data,4425,No data,4295,No data,4285,No data,No data,No data,No data,No data,4133,No data,3921,No data,No data,No data,No data,No data,3986,No data,No data,No data,4810,No data,No data,No data,4583,No data,4049,No data,4034,3218,No data,3093,No data,No data,3694,No data,No data,No data,3741,No data,No data,No data,3528,No data,No data,4605,No data,No data,No data,No data,3456,No data,3522,No data,No data,No data,31,"{""type"":""Point"",""coordinates"":[120.85454764593305,0.8953429005213978]}"
0000000000000000001f,No data,No data,No data,No data,No data,No data,No data,No data,No data,No data,No data,No data,No data,No data,No data,No data,No data,No data,No data,No data,No data,No data,No data,No data,No data,No data,No data,No data,No data,No data,No data,No data,No data,No data,No data,No data,No data,No data,No data,No data,No data,No data,No data,No data,No data,No data,No data,No data,No data,No data,No data,No data,No data,No data,No data,No data,No data,No data,No data,No data,No data,No data,No data,No data,No data,No data,No data,No data,No data,No data,No data,No data,No data,No data,No data,No data,No data,No data,No data,No data,No data,No data,No data,No data,No data,No data,No data,No data,No data,No data,No data,No data,No data,No data,No data,No data,No data,No data,No data,No data,No data,No data,No data,No data,No data,No data,No data,No data,No data,No data,No data,No data,No data,No data,No data,No data,No data,No data,No data,No data,No data,No data,No data,No data,No data,No data,No data,No data,No data,No data,No data,No data,No data,No data,No data,No data,32,"{""type"":""Point"",""coordinates"":[120.81949911165299,0.9251564501647372]}"
20,No data,No data,2738,No data,No data,2443,No data,2542,No data,2915,No data,2670,No data,No data,No data,No data,No data,2796,2765,No data,No data,2673,No data,2782,No data,2983,No data,2754,No data,3056,No data,2903,No data,2800,No data,No data,No data,No data,No data,No data,No data,No data,No data,No data,No data,No data,No data,No data,No data,No data,3970,No data,3599,No data,2862,No data,No data,No data,No data,No data,No data,No data,3297,No data,No data,No data,No data,No data,3354,No data,3338,No data,3615,No data,3471,No data,3397,No data,3275,No data,3545,No data,3446,No data,No data,No data,No data,No data,3115,No data,2905,No data,No data,No data,No data,No data,No data,No data,No data,No data,3371,No data,No data,No data,3374,No data,3385,No data,3202,3388,No data,3009,No data,No data,3358,No data,No data,No data,3838,No data,No data,No data,2737,No data,No data,No data,No data,2806,No data,No data,2954,No data,2973,No data,No data,No data,33,"{""type"":""Point"",""coordinates"":[120.78183754415554,0.8274932188921654]}"
21,No data,No data,No data,No data,No data,No data,No data,No data,No data,No data,No data,No data,No data,No data,No data,No data,No data,No data,No data,No data,No data,No data,No data,No data,No data,No data,No data,No data,No data,No data,No data,No data,No data,No data,No data,No data,No data,No data,No data,No data,No data,No data,No data,No data,No data,No data,No data,No data,No data,No data,No data,No data,No data,No data,No data,No data,No data,No data,No data,No data,No data,No data,No data,No data,No data,No data,No data,No data,No data,No data,No data,No data,No data,No data,No data,No data,No data,No data,No data,No data,No data,No data,No data,No data,No data,No data,No data,No data,No data,No data,No data,No data,No data,No data,No data,No data,No data,No data,No data,No data,No data,No data,No data,No data,No data,No data,No data,No data,No data,No data,No data,No data,No data,No data,No data,No data,No data,No data,No data,No data,No data,No data,No data,No data,No data,No data,No data,No data,No data,No data,No data,No data,No data,No data,No data,No data,34,"{""type"":""Point"",""coordinates"":[120.8437566213837,0.9143208346048636]}"
22,No data,No data,No data,3146,No data,No data,No data,No data,No data,No data,No data,No data,No data,No data,No data,No data,No data,No data,No data,No data,No data,No data,No data,No data,No data,No data,No data,No data,No data,No data,No data,No data,No data,No data,No data,No data,No data,No data,No data,No data,No data,No data,No data,No data,No data,No data,No data,No data,No data,No data,No data,No data,No data,No data,No data,No data,No data,No data,No data,No data,No data,No data,No data,No data,No data,No data,No data,No data,No data,No data,No data,No data,No data,No data,No data,No data,No data,No data,No data,No data,No data,No data,No data,No data,No data,No data,No data,No data,2295,No data,2720,No data,No data,No data,No data,No data,No data,No data,No data,No data,No data,No data,No data,No data,No data,No data,No data,No data,No data,No data,No data,No data,No data,No data,No data,No data,No data,No data,No data,No data,No data,No data,No data,No data,No data,No data,No data,No data,No data,No data,No data,No data,2632,No data,No data,No data,35,"{""type"":""Point"",""coordinates"":[120.79525497922539,0.9170052134390378]}"
23,No data,No data,2313,No data,No data,2715,No data,2737,No data,2140,No data,1527,No data,No data,No data,No data,No data,1878,2400,No data,No data,1923,No data,2345,No data,2362,No data,2254,No data,2748,No data,3035,No data,3222,No data,2562,No data,No data,No data,No data,No data,No data,No data,No data,No data,No data,No data,No data,No data,No data,No data,No data,2256,No data,2726,No data,No data,No data,2611,No data,No data,No data,2873,No data,No data,No data,No data,No data,902,No data,915,No data,1257,No data,1836,No data,1526,No data,1978,No data,2216,No data,2473,No data,No data,No data,No data,No data,2469,No data,1145,No data,No data,No data,No data,No data,No data,No data,No data,No data,2217,No data,No data,No data,1757,No data,2159,No data,2277,2029,No data,1995,No data,No data,2277,No data,No data,No data,1529,No data,No data,No data,1138,No data,No data,No data,No data,No data,No data,No data,2387,No data,2111,No data,No data,No data,36,"{""type"":""Point"",""coordinates"":[120.81415710859092,0.8437867741414566]}"
24,No data,No data,3471,4081,No data,3873,No data,3483,No data,4151,No data,3267,No data,No data,No data,No data,No data,1521,2574,No data,No data,2610,No data,2770,No data,2850,No data,3181,No data,3841,No data,4025,No data,4529,No data,No data,No data,No data,No data,No data,No data,No data,No data,1875,No data,No data,No data,No data,No data,No data,No data,No data,No data,No data,3628,No data,No data,No data,3901,No data,No data,No data,3540,No data,No data,No data,No data,No data,4520,No data,4402,No data,4366,No data,4467,No data,4843,No data,5009,No data,4651,No data,4389,No data,No data,No data,No data,No data,3333,No data,2703,No data,No data,No data,No data,No data,2933,No data,No data,No data,2559,No data,No data,No data,1465,No data,2031,No data,2023,2728,No data,2010,No data,No data,2931,No data,3539,No data,3280,No data,No data,No data,3096,No data,No data,2641,No data,No data,No data,No data,1676,No data,1831,No data,No data,No data,37,"{""type"":""Point"",""coordinates"":[120.77640635907244,0.8980094429513584]}"
25,No data,No data,2655,2647,No data,3016,No data,2555,No data,2480,No data,2252,No data,No data,No data,No data,No data,2860,3196,No data,No data,2505,No data,2512,No data,2409,No data,2772,No data,3224,No data,3635,No data,No data,No data,No data,No data,No data,No data,3223,No data,No data,No data,3668,No data,No data,No data,No data,No data,No data,3673,No data,3470,No data,4244,No data,No data,No data,4397,No data,No data,No data,No data,No data,4484,No data,3594,No data,3505,No data,3672,No data,3778,No data,4023,No data,4887,No data,4886,No data,4309,No data,4312,No data,No data,No data,No data,No data,4077,No data,4117,No data,No data,No data,No data,No data,3542,No data,No data,No data,4692,No data,No data,No data,4145,No data,4009,No data,3957,3533,No data,3397,No data,No data,3598,No data,No data,No data,3327,No data,No data,No data,3028,No data,No data,3534,No data,No data,No data,No data,3391,No data,3481,No data,No data,No data,38,"{""type"":""Point"",""coordinates"":[120.85723648386825,0.8980540339618931]}"
26,No data,No data,No data,No data,No data,No data,No data,No data,No data,No data,No data,No data,No data,No data,No data,No data,No data,No data,No data,No data,No data,No data,No data,No data,No data,No data,No data,No data,No data,No data,No data,No data,No data,No data,No data,No data,No data,No data,No data,No data,No data,No data,No data,No data,No data,No data,No data,No data,No data,No data,No data,No data,No data,No data,No data,No data,No data,No data,No data,No data,No data,No data,No data,No data,No data,No data,No data,No data,No data,No data,No data,No data,No data,No data,No data,No data,No data,No data,No data,No data,No data,No data,No data,No data,No data,No data,No data,No data,No data,No data,No data,No data,No data,No data,No data,No data,No data,No data,No data,No data,No data,No data,No data,No data,No data,No data,No data,No data,No data,No data,No data,No data,No data,No data,No data,No data,No data,No data,No data,No data,No data,No data,No data,No data,No data,No data,No data,No data,No data,No data,No data,No data,No data,No data,No data,No data,39,"{""type"":""Point"",""coordinates"":[120.85703582432085,1.1936924338053545]}"
27,No data,No data,No data,No data,No data,No data,No data,No data,No data,No data,No data,No data,No data,No data,No data,No data,No data,No data,No data,No data,No data,No data,No data,No data,No data,No data,No data,No data,No data,No data,No data,No data,No data,No data,No data,No data,No data,No data,No data,No data,No data,No data,No data,No data,No data,No data,No data,No data,No data,No data,No data,No data,No data,No data,No data,No data,No data,No data,No data,No data,No data,No data,No data,No data,No data,No data,No data,No data,No data,No data,No data,No data,No data,No data,No data,No data,No data,No data,No data,No data,No data,No data,No data,No data,No data,No data,No data,No data,No data,No data,No data,No data,No data,No data,No data,No data,No data,No data,No data,No data,No data,No data,No data,No data,No data,No data,No data,No data,No data,No data,No data,No data,No data,No data,No data,No data,No data,No data,No data,No data,No data,No data,No data,No data,No data,No data,No data,No data,No data,No data,No data,No data,No data,No data,No data,No data,40,"{""type"":""Point"",""coordinates"":[120.81400549915513,1.0824601580271471]}"
28,No data,No data,No data,No data,No data,No data,No data,No data,No data,No data,No data,No data,No data,No data,No data,No data,No data,No data,No data,No data,No data,No data,No data,No data,No data,No data,No data,No data,No data,No data,No data,No data,No data,No data,No data,No data,No data,No data,No data,No data,No data,No data,No data,No data,No data,No data,No data,No data,No data,No data,No data,No data,No data,No data,No data,No data,No data,No data,No data,No data,No data,No data,No data,No data,No data,No data,No data,No data,No data,No data,No data,No data,No data,No data,No data,No data,No data,No data,No data,No data,No data,No data,No data,No data,No data,No data,No data,No data,No data,No data,No data,No data,No data,No data,No data,No data,No data,No data,No data,No data,No data,No data,No data,No data,No data,No data,No data,No data,No data,No data,No data,No data,No data,No data,No data,No data,No data,No data,No data,No data,No data,No data,No data,No data,No data,No data,No data,No data,No data,No data,No data,No data,No data,No data,No data,No data,41,"{""type"":""Point"",""coordinates"":[120.82474747359285,1.1367095814433699]}"
29,No data,No data,No data,No data,No data,No data,No data,No data,No data,No data,No data,No data,No data,No data,No data,No data,No data,No data,No data,No data,No data,No data,No data,No data,No data,No data,No data,No data,No data,No data,No data,No data,No data,No data,No data,No data,No data,No data,No data,No data,No data,No data,No data,No data,No data,No data,No data,No data,No data,No data,No data,No data,No data,No data,No data,No data,No data,No data,No data,No data,No data,No data,No data,No data,No data,No data,No data,No data,No data,No data,No data,No data,No data,No data,No data,No data,No data,No data,No data,No data,No data,No data,No data,No data,No data,No data,No data,No data,No data,No data,No data,No data,No data,No data,No data,No data,No data,No data,No data,No data,No data,No data,No data,No data,No data,No data,No data,No data,No data,No data,No data,No data,No data,No data,No data,No data,No data,No data,No data,No data,No data,No data,No data,No data,No data,No data,No data,No data,No data,No data,No data,No data,No data,No data,No data,No data,42,"{""type"":""Point"",""coordinates"":[120.83016082227174,1.1041670619553217]}"
0000000000000000002a,No data,No data,No data,No data,No data,No data,No data,No data,No data,No data,No data,No data,No data,No data,No data,No data,No data,No data,No data,No data,No data,No data,No data,No data,No data,No data,No data,No data,No data,No data,No data,No data,No data,No data,No data,No data,No data,No data,No data,No data,No data,No data,No data,No data,No data,No data,No data,No data,No data,No data,No data,No data,No data,No data,No data,No data,No data,No data,No data,No data,No data,No data,No data,No data,No data,No data,No data,No data,No data,No data,No data,No data,No data,No data,No data,No data,No data,No data,No data,No data,No data,No data,No data,No data,No data,No data,No data,No data,No data,No data,No data,No data,No data,No data,No data,No data,No data,No data,No data,No data,No data,No data,No data,No data,No data,No data,No data,No data,No data,No data,No data,No data,No data,No data,No data,No data,No data,No data,No data,No data,No data,No data,No data,No data,No data,No data,No data,No data,No data,No data,No data,No data,No data,No data,No data,No data,43,"{""type"":""Point"",""coordinates"":[120.84092955131582,1.1123138395799674]}"
0000000000000000002b,No data,No data,No data,No data,No data,No data,No data,No data,No data,No data,No data,No data,No data,No data,No data,No data,No data,No data,No data,No data,No data,No data,No data,No data,No data,No data,No data,No data,No data,No data,No data,No data,No data,No data,No data,No data,No data,No data,No data,No data,No data,No data,No data,No data,No data,No data,No data,No data,No data,No data,No data,No data,No data,No data,No data,No data,No data,No data,No data,No data,No data,No data,No data,No data,No data,No data,No data,No data,No data,No data,No data,No data,No data,No data,No data,No data,No data,No data,No data,No data,No data,No data,No data,No data,No data,No data,No data,No data,No data,No data,No data,No data,No data,No data,No data,No data,No data,No data,No data,No data,No data,No data,No data,No data,No data,No data,No data,No data,No data,No data,No data,No data,No data,No data,No data,No data,No data,No data,No data,No data,No data,No data,No data,No data,No data,No data,No data,No data,No data,No data,No data,No data,No data,No data,No data,No data,44,"{""type"":""Point"",""coordinates"":[120.82475639179493,1.1231494551398409]}"
0000000000000000002c,No data,No data,No data,No data,No data,No data,No data,No data,No data,No data,No data,No data,No data,No data,No data,No data,No data,No data,No data,No data,No data,No data,No data,No data,No data,No data,No data,No data,No data,No data,No data,No data,No data,No data,No data,No data,No data,No data,No data,No data,No data,No data,No data,No data,No data,No data,No data,No data,No data,No data,No data,No data,No data,No data,No data,No data,No data,No data,No data,No data,No data,No data,No data,No data,No data,No data,No data,No data,No data,No data,No data,No data,No data,No data,No data,No data,No data,No data,No data,No data,No data,No data,No data,No data,No data,No data,No data,No data,No data,No data,No data,No data,No data,No data,No data,No data,No data,No data,No data,No data,No data,No data,No data,No data,No data,No data,No data,No data,No data,No data,No data,No data,No data,No data,No data,No data,No data,No data,No data,No data,No data,No data,No data,No data,No data,No data,No data,No data,No data,No data,No data,No data,No data,No data,No data,No data,45,"{""type"":""Point"",""coordinates"":[120.83818274506687,1.1828300636391604]}"
0000000000000000002d,No data,No data,No data,No data,No data,No data,No data,No data,No data,No data,No data,No data,No data,No data,No data,No data,No data,No data,No data,No data,No data,No data,No data,No data,No data,No data,No data,No data,No data,No data,No data,No data,No data,No data,No data,No data,No data,No data,No data,No data,No data,No data,No data,No data,No data,No data,No data,No data,No data,No data,No data,No data,No data,No data,No data,No data,No data,No data,No data,No data,No data,No data,No data,No data,No data,No data,No data,No data,No data,No data,No data,No data,No data,No data,No data,No data,No data,No data,No data,No data,No data,No data,No data,No data,No data,No data,No data,No data,No data,No data,No data,No data,No data,No data,No data,No data,No data,No data,No data,No data,No data,No data,No data,No data,No data,No data,No data,No data,No data,No data,No data,No data,No data,No data,No data,No data,No data,No data,No data,No data,No data,No data,No data,No data,No data,No data,No data,No data,No data,No data,No data,No data,No data,No data,No data,No data,46,"{""type"":""Point"",""coordinates"":[120.8085876913752,1.1231405369377343]}"
0000000000000000002e,No data,No data,No data,No data,No data,No data,No data,No data,No data,No data,No data,No data,No data,No data,No data,No data,No data,No data,No data,No data,No data,No data,No data,No data,No data,No data,No data,No data,No data,No data,No data,No data,No data,No data,No data,No data,No data,No data,No data,No data,No data,No data,No data,No data,No data,No data,No data,No data,No data,No data,No data,No data,No data,No data,No data,No data,No data,No data,No data,No data,No data,No data,No data,No data,No data,No data,No data,No data,No data,No data,No data,No data,No data,No data,No data,No data,No data,No data,No data,No data,No data,No data,No data,No data,No data,No data,No data,No data,No data,No data,No data,No data,No data,No data,No data,No data,No data,No data,No data,No data,No data,No data,No data,No data,No data,No data,No data,No data,No data,No data,No data,No data,No data,No data,No data,No data,No data,No data,No data,No data,No data,No data,No data,No data,No data,No data,No data,No data,No data,No data,No data,No data,No data,No data,No data,No data,47,"{""type"":""Point"",""coordinates"":[120.80860106867831,1.1041536846521616]}"
0000000000000000002f,No data,No data,No data,No data,No data,No data,No data,No data,No data,No data,No data,No data,No data,No data,No data,No data,No data,No data,No data,No data,No data,No data,No data,No data,No data,No data,No data,No data,No data,No data,No data,No data,No data,No data,No data,No data,No data,No data,No data,No data,No data,No data,No data,No data,No data,No data,No data,No data,No data,No data,No data,No data,No data,No data,No data,No data,No data,No data,No data,No data,No data,No data,No data,No data,No data,No data,No data,No data,No data,No data,No data,No data,No data,No data,No data,No data,No data,No data,No data,No data,No data,No data,No data,No data,No data,No data,No data,No data,No data,No data,No data,No data,No data,No data,No data,No data,No data,No data,No data,No data,No data,No data,No data,No data,No data,No data,No data,No data,No data,No data,No data,No data,No data,No data,No data,No data,No data,No data,No data,No data,No data,No data,No data,No data,No data,No data,No data,No data,No data,No data,No data,No data,No data,No data,No data,No data,48,"{""type"":""Point"",""coordinates"":[121.05370001718202,1.2833560377880442]}"
30,No data,No data,No data,No data,No data,No data,No data,No data,No data,No data,No data,No data,No data,No data,No data,No data,No data,No data,No data,No data,No data,No data,No data,No data,No data,No data,No data,No data,No data,No data,No data,No data,No data,No data,No data,No data,No data,No data,No data,No data,No data,No data,No data,No data,No data,No data,No data,No data,No data,No data,No data,No data,No data,No data,No data,No data,No data,No data,No data,No data,No data,No data,No data,No data,No data,No data,No data,No data,No data,No data,No data,No data,No data,No data,No data,No data,No data,No data,No data,No data,No data,No data,No data,No data,No data,No data,No data,No data,No data,No data,No data,No data,No data,No data,No data,No data,No data,No data,No data,No data,No data,No data,No data,No data,No data,No data,No data,No data,No data,No data,No data,No data,No data,No data,No data,No data,No data,No data,No data,No data,No data,No data,No data,No data,No data,No data,No data,No data,No data,No data,No data,No data,No data,No data,No data,No data,49,"{""type"":""Point"",""coordinates"":[120.97280746497148,1.3294051743669801]}"
31,No data,No data,No data,No data,No data,No data,No data,No data,No data,No data,No data,No data,No data,No data,No data,No data,No data,No data,No data,No data,No data,No data,No data,No data,No data,No data,No data,No data,No data,No data,No data,No data,No data,No data,No data,No data,No data,No data,No data,No data,No data,No data,No data,No data,No data,No data,No data,No data,No data,No data,No data,No data,No data,No data,No data,No data,No data,No data,No data,No data,No data,No data,No data,No data,No data,No data,No data,No data,No data,No data,No data,No data,No data,No data,No data,No data,No data,No data,No data,No data,No data,No data,No data,No data,No data,No data,No data,No data,No data,No data,No data,No data,No data,No data,No data,No data,No data,No data,No data,No data,No data,No data,No data,No data,No data,No data,No data,No data,No data,No data,No data,No data,No data,No data,No data,No data,No data,No data,No data,No data,No data,No data,No data,No data,No data,No data,No data,No data,No data,No data,No data,No data,No data,No data,No data,No data,50,"{""type"":""Point"",""coordinates"":[121.05908215215355,1.2914983563116367]}"
32,No data,No data,No data,No data,No data,No data,No data,No data,No data,No data,No data,No data,No data,No data,No data,No data,No data,No data,No data,No data,No data,No data,No data,No data,No data,No data,No data,No data,No data,No data,No data,No data,No data,No data,No data,No data,No data,No data,No data,No data,No data,No data,No data,No data,No data,No data,No data,No data,No data,No data,No data,No data,No data,No data,No data,No data,No data,No data,No data,No data,No data,No data,No data,No data,No data,No data,No data,No data,No data,No data,No data,No data,No data,No data,No data,No data,No data,No data,No data,No data,No data,No data,No data,No data,No data,No data,No data,No data,No data,No data,No data,No data,No data,No data,No data,No data,No data,No data,No data,No data,No data,No data,No data,No data,No data,No data,No data,No data,No data,No data,No data,No data,No data,No data,No data,No data,No data,No data,No data,No data,No data,No data,No data,No data,No data,No data,No data,No data,No data,No data,No data,No data,No data,No data,No data,No data,51,"{""type"":""Point"",""coordinates"":[120.8327604781859,1.2262215759902426]}"
33,No data,No data,No data,No data,No data,No data,No data,No data,No data,No data,No data,No data,No data,No data,No data,No data,No data,No data,No data,No data,No data,No data,No data,No data,No data,No data,No data,No data,No data,No data,No data,No data,No data,No data,No data,No data,No data,No data,No data,No data,No data,No data,No data,No data,No data,No data,No data,No data,No data,No data,No data,No data,No data,No data,No data,No data,No data,No data,No data,No data,No data,No data,No data,No data,No data,No data,No data,No data,No data,No data,No data,No data,No data,No data,No data,No data,No data,No data,No data,No data,No data,No data,No data,No data,No data,No data,No data,No data,No data,No data,No data,No data,No data,No data,No data,No data,No data,No data,No data,No data,No data,No data,No data,No data,No data,No data,No data,No data,No data,No data,No data,No data,No data,No data,No data,No data,No data,No data,No data,No data,No data,No data,No data,No data,No data,No data,No data,No data,No data,No data,No data,No data,No data,No data,No data,No data,52,"{""type"":""Point"",""coordinates"":[120.82466720977389,1.2370616506511694]}"
34,No data,No data,No data,No data,No data,No data,No data,No data,No data,No data,No data,No data,No data,No data,No data,No data,No data,No data,No data,No data,No data,No data,No data,No data,No data,No data,No data,No data,No data,No data,No data,No data,No data,No data,No data,No data,No data,No data,No data,No data,No data,No data,No data,No data,No data,No data,No data,No data,No data,No data,No data,No data,No data,No data,No data,No data,No data,No data,No data,No data,No data,No data,No data,No data,No data,No data,No data,No data,No data,No data,No data,No data,No data,No data,No data,No data,No data,No data,No data,No data,No data,No data,No data,No data,No data,No data,No data,No data,No data,No data,No data,No data,No data,No data,No data,No data,No data,No data,No data,No data,No data,No data,No data,No data,No data,No data,No data,No data,No data,No data,No data,No data,No data,No data,No data,No data,No data,No data,No data,No data,No data,No data,No data,No data,No data,No data,No data,No data,No data,No data,No data,No data,No data,No data,No data,No data,53,"{""type"":""Point"",""coordinates"":[120.82466275067287,1.2424883766332129]}"
