system:index,1/3/2018,1/10/2018,1/19/2018,2/4/2018,2/11/2018,2/20/2018,2/27/2018,3/8/2018,3/15/2018,3/24/2018,3/31/2018,4/9/2018,4/16/2018,4/25/2018,5/2/2018,5/11/2018,5/18/2018,5/27/2018,6/12/2018,6/19/2018,6/28/2018,7/14/2018,7/21/2018,7/30/2018,8/6/2018,8/15/2018,8/22/2018,8/31/2018,9/7/2018,9/16/2018,9/23/2018,10/2/2018,10/9/2018,10/18/2018,10/25/2018,11/3/2018,11/10/2018,11/19/2018,11/26/2018,12/5/2018,12/12/2018,12/21/2018,12/28/2018,1/6/2019,1/13/2019,1/22/2019,2/7/2019,2/14/2019,2/23/2019,3/2/2019,3/11/2019,3/18/2019,3/27/2019,4/3/2019,4/12/2019,4/19/2019,4/28/2019,5/5/2019,5/14/2019,5/21/2019,5/30/2019,6/6/2019,6/15/2019,6/22/2019,7/1/2019,7/8/2019,7/17/2019,7/24/2019,8/2/2019,8/9/2019,8/18/2019,8/25/2019,9/3/2019,9/10/2019,9/19/2019,9/26/2019,10/5/2019,10/12/2019,10/21/2019,10/28/2019,11/6/2019,11/13/2019,11/22/2019,11/29/2019,12/8/2019,12/15/2019,12/24/2019,12/31/2019,1/9/2020,1/16/2020,1/25/2020,2/1/2020,2/10/2020,2/17/2020,2/26/2020,3/4/2020,3/13/2020,3/20/2020,3/29/2020,4/5/2020,4/14/2020,4/21/2020,4/30/2020,5/7/2020,5/16/2020,5/23/2020,6/1/2020,6/8/2020,6/17/2020,7/3/2020,7/10/2020,7/19/2020,8/4/2020,8/11/2020,8/20/2020,8/27/2020,9/5/2020,9/12/2020,9/21/2020,9/28/2020,10/7/2020,10/14/2020,10/23/2020,10/30/2020,11/15/2020,11/24/2020,12/1/2020,12/10/2020,12/26/2020,1/2/2021,1/11/2021,1/18/2021,1/27/2021,2/3/2021,2/12/2021,2/19/2021,ID,.geo
0,No data,No data,733,No data,No data,279,No data,337,No data,No data,No data,No data,No data,No data,No data,No data,No data,945,No data,No data,2149,No data,No data,365,No data,359,No data,307,No data,517,No data,897,No data,922,No data,No data,No data,No data,No data,685,No data,No data,No data,No data,No data,No data,No data,No data,308,No data,335,No data,638,No data,1502,No data,No data,No data,No data,No data,No data,No data,No data,No data,No data,No data,No data,No data,299,No data,329,No data,311,No data,430,No data,562,No data,998,No data,784,No data,477,No data,No data,No data,No data,No data,890,No data,279,No data,No data,No data,No data,No data,No data,No data,1607,No data,997,No data,No data,No data,759,No data,No data,No data,422,No data,No data,236,No data,No data,439,No data,No data,No data,808,No data,No data,No data,860,No data,No data,No data,No data,No data,No data,No data,254,No data,280,No data,No data,No data,1,"{""type"":""Point"",""coordinates"":[120.18928098246627,0.7485002437303718]}"
1,No data,No data,No data,No data,No data,365,No data,390,No data,No data,No data,No data,287,No data,254,No data,No data,No data,No data,No data,6281,No data,380,289,355,1244,411,393,281,No data,331,386,No data,No data,248,No data,No data,No data,46,335,No data,No data,No data,No data,270,No data,715,352,No data,319,No data,300,343,No data,No data,271,No data,No data,120,No data,No data,No data,No data,No data,No data,229,No data,No data,No data,279,No data,No data,No data,309,No data,No data,No data,354,280,No data,302,No data,910,No data,No data,No data,No data,No data,No data,No data,241,No data,No data,383,No data,No data,No data,No data,No data,239,311,No data,No data,No data,No data,No data,No data,No data,390,No data,No data,1204,No data,No data,638,No data,No data,No data,362,No data,No data,No data,No data,223,No data,No data,No data,No data,No data,2697,No data,No data,284,No data,No data,No data,2,"{""type"":""Point"",""coordinates"":[120.22701835468159,0.6915931960862954]}"
2,No data,No data,471,338,No data,230,No data,289,No data,No data,No data,No data,No data,No data,No data,No data,No data,979,No data,No data,2387,850,No data,292,No data,261,No data,381,No data,677,No data,1361,No data,825,No data,No data,No data,No data,No data,702,No data,No data,No data,No data,No data,No data,No data,No data,226,No data,653,No data,1285,No data,1262,No data,No data,No data,No data,No data,No data,No data,No data,No data,No data,No data,No data,No data,466,No data,349,No data,422,No data,562,No data,823,No data,775,No data,779,No data,722,No data,No data,No data,No data,No data,805,No data,461,No data,No data,No data,No data,No data,No data,No data,No data,No data,1046,No data,No data,No data,706,No data,920,No data,756,No data,No data,240,No data,No data,362,No data,No data,No data,1021,No data,No data,No data,822,No data,No data,No data,No data,No data,No data,No data,262,No data,260,No data,No data,No data,3,"{""type"":""Point"",""coordinates"":[120.20543184648186,0.756642562253964]}"
3,No data,No data,682,No data,No data,233,No data,304,No data,No data,No data,No data,No data,No data,No data,No data,No data,No data,1144,No data,4498,768,No data,606,No data,621,No data,640,No data,703,No data,748,No data,444,No data,No data,No data,No data,No data,527,No data,No data,No data,No data,No data,No data,No data,No data,257,No data,482,No data,505,No data,No data,No data,No data,No data,448,No data,No data,No data,778,No data,No data,No data,No data,No data,264,No data,194,No data,280,No data,598,No data,1178,No data,533,No data,545,No data,432,No data,No data,No data,No data,No data,1085,No data,612,No data,No data,No data,No data,No data,No data,No data,528,No data,1386,No data,No data,No data,402,No data,699,No data,793,No data,No data,307,No data,No data,300,No data,No data,No data,574,No data,No data,No data,658,No data,No data,No data,No data,No data,No data,No data,315,No data,328,No data,No data,No data,4,"{""type"":""Point"",""coordinates"":[120.23773803361411,0.7783539252831918]}"
4,No data,No data,No data,No data,No data,275,337,328,No data,No data,No data,No data,264,No data,236,No data,No data,No data,No data,241,1938,No data,No data,286,295,287,262,286,257,No data,303,406,344,374,289,No data,No data,No data,1576,No data,No data,No data,No data,No data,297,No data,706,376,No data,368,No data,351,377,No data,No data,390,No data,No data,No data,407,No data,No data,No data,No data,No data,275,No data,No data,406,299,591,No data,435,351,469,422,No data,No data,No data,No data,447,282,454,No data,No data,No data,No data,No data,No data,No data,No data,No data,No data,324,No data,No data,No data,No data,No data,273,305,No data,No data,75,332,No data,323,No data,257,No data,No data,258,No data,No data,329,268,No data,No data,No data,No data,No data,No data,371,249,408,No data,No data,No data,No data,5521,No data,No data,No data,No data,No data,No data,5,"{""type"":""Point"",""coordinates"":[120.25396470234759,0.6617885646450632]}"
5,No data,No data,683,No data,No data,450,No data,354,No data,No data,No data,No data,No data,No data,No data,No data,No data,888,No data,No data,3201,No data,No data,289,No data,295,No data,513,No data,1106,No data,1180,No data,411,No data,No data,No data,No data,No data,577,No data,No data,No data,No data,No data,No data,899,No data,265,No data,521,No data,1225,No data,824,No data,No data,No data,No data,No data,No data,No data,965,No data,No data,No data,No data,No data,240,No data,337,No data,930,No data,919,No data,793,No data,519,No data,496,No data,577,No data,No data,No data,No data,No data,601,No data,No data,No data,No data,No data,No data,No data,No data,No data,1385,No data,785,No data,No data,No data,782,No data,886,No data,723,267,No data,217,No data,No data,394,No data,No data,No data,1051,No data,No data,No data,710,No data,No data,No data,No data,No data,No data,No data,221,No data,239,No data,No data,No data,6,"{""type"":""Point"",""coordinates"":[120.17581895638592,0.7457801920877697]}"
6,No data,No data,863,720,No data,597,No data,550,No data,No data,No data,No data,No data,No data,No data,No data,No data,716,No data,No data,3125,No data,No data,587,No data,331,No data,319,No data,364,No data,394,No data,530,No data,No data,No data,No data,No data,626,No data,No data,No data,No data,No data,No data,No data,No data,282,No data,No data,No data,567,No data,1582,No data,No data,No data,703,No data,No data,No data,No data,No data,No data,No data,No data,No data,328,No data,217,No data,287,No data,486,No data,699,No data,No data,No data,638,No data,614,No data,No data,No data,No data,No data,702,No data,No data,No data,No data,No data,No data,No data,No data,739,723,No data,1039,No data,No data,No data,744,No data,768,No data,767,No data,No data,244,No data,No data,304,No data,No data,No data,633,No data,No data,No data,513,No data,No data,No data,No data,No data,No data,No data,234,No data,279,No data,No data,No data,7,"{""type"":""Point"",""coordinates"":[120.2188849543601,0.7783405479800314]}"
7,No data,No data,201,No data,No data,298,No data,680,No data,No data,No data,No data,No data,No data,No data,No data,No data,658,No data,No data,2218,No data,No data,333,No data,345,No data,554,No data,803,No data,954,No data,807,No data,No data,No data,No data,No data,680,No data,No data,No data,No data,No data,No data,690,No data,377,No data,No data,No data,844,No data,974,No data,No data,No data,No data,No data,No data,No data,459,No data,No data,No data,No data,No data,326,No data,584,No data,1282,No data,808,No data,702,No data,744,No data,660,No data,681,No data,No data,No data,No data,No data,528,No data,No data,No data,No data,No data,No data,No data,No data,No data,1297,No data,1132,No data,No data,No data,730,No data,645,No data,573,314,No data,230,No data,No data,451,No data,638,No data,1460,No data,No data,No data,876,No data,No data,No data,No data,No data,No data,No data,149,No data,206,No data,No data,No data,8,"{""type"":""Point"",""coordinates"":[120.15427258009568,0.7457668147846093]}"
8,No data,No data,773,No data,No data,508,No data,428,No data,797,No data,321,No data,No data,No data,No data,No data,686,874,No data,383,451,No data,558,No data,No data,No data,738,No data,993,No data,1156,No data,1069,No data,No data,No data,No data,No data,579,No data,No data,No data,No data,No data,No data,No data,No data,No data,No data,No data,No data,784,No data,572,No data,No data,No data,448,No data,No data,No data,2573,No data,No data,No data,No data,No data,559,No data,731,No data,850,No data,1075,No data,961,No data,444,No data,367,No data,464,No data,No data,No data,No data,No data,No data,No data,358,No data,No data,No data,No data,No data,236,No data,1144,No data,395,No data,No data,No data,902,No data,574,No data,656,990,No data,880,No data,No data,300,No data,264,No data,319,No data,No data,No data,795,No data,No data,No data,No data,No data,No data,No data,396,No data,543,No data,No data,No data,9,"{""type"":""Point"",""coordinates"":[120.32387002956243,0.8516124964902543]}"
9,No data,No data,502,495,No data,434,No data,449,No data,973,No data,424,No data,No data,No data,No data,No data,388,No data,No data,467,418,No data,425,No data,No data,No data,497,No data,663,No data,712,No data,544,No data,No data,No data,No data,No data,357,No data,No data,No data,No data,No data,No data,No data,No data,412,No data,No data,No data,424,No data,428,No data,No data,No data,292,No data,No data,No data,2491,No data,No data,No data,No data,No data,356,No data,474,No data,451,No data,519,No data,485,No data,399,No data,377,No data,373,No data,No data,No data,No data,No data,819,No data,350,No data,No data,No data,No data,No data,353,No data,419,No data,441,No data,No data,No data,334,No data,408,No data,296,369,No data,285,No data,No data,325,No data,300,No data,317,No data,No data,No data,344,No data,No data,No data,No data,No data,No data,No data,No data,No data,634,No data,No data,No data,10,"{""type"":""Point"",""coordinates"":[120.31850127189412,0.8272078364247449]}"
0000000000000000000a,No data,No data,751,No data,No data,587,No data,No data,No data,No data,No data,No data,No data,No data,No data,No data,No data,440,No data,No data,8543,458,No data,807,No data,938,No data,1278,No data,1442,No data,1473,No data,796,No data,No data,No data,No data,No data,521,No data,No data,No data,No data,No data,No data,769,No data,No data,No data,1256,No data,1111,No data,No data,No data,No data,No data,624,No data,No data,No data,2335,No data,No data,No data,546,No data,498,No data,No data,No data,962,No data,1160,No data,No data,No data,712,No data,1510,No data,843,No data,No data,No data,961,No data,No data,No data,629,No data,No data,No data,No data,No data,560,722,910,No data,932,No data,No data,No data,596,No data,513,No data,560,No data,No data,456,No data,No data,565,No data,497,No data,589,No data,No data,No data,567,No data,No data,786,No data,No data,No data,No data,495,No data,554,No data,No data,No data,11,"{""type"":""Point"",""coordinates"":[120.2995456333159,0.9681733980273295]}"
0000000000000000000b,No data,No data,648,694,No data,499,No data,567,No data,545,No data,772,No data,No data,No data,No data,No data,317,No data,No data,No data,551,No data,581,No data,506,No data,408,No data,516,No data,528,No data,479,No data,No data,No data,No data,No data,533,No data,No data,No data,No data,No data,No data,768,No data,668,No data,413,No data,274,No data,No data,No data,No data,No data,434,No data,No data,No data,1171,No data,No data,No data,No data,No data,395,No data,421,No data,613,No data,633,No data,389,No data,No data,No data,545,No data,471,No data,No data,No data,No data,No data,No data,No data,233,No data,No data,No data,No data,No data,No data,No data,1033,No data,742,No data,No data,No data,415,No data,395,No data,257,No data,No data,375,No data,No data,699,No data,733,No data,No data,No data,No data,No data,711,No data,No data,No data,No data,No data,No data,No data,246,No data,304,No data,No data,No data,12,"{""type"":""Point"",""coordinates"":[120.43165542022633,0.7784743210116348]}"
0000000000000000000c,No data,No data,370,No data,No data,182,No data,394,No data,1020,No data,1037,No data,No data,No data,No data,No data,675,No data,No data,216,429,No data,214,No data,320,No data,337,No data,620,No data,1256,No data,736,No data,No data,No data,No data,No data,470,No data,No data,No data,No data,No data,No data,885,No data,233,No data,No data,No data,229,No data,446,No data,No data,No data,954,No data,No data,No data,809,No data,No data,No data,No data,No data,637,No data,644,No data,478,No data,317,No data,220,No data,259,No data,398,No data,1272,No data,No data,No data,No data,No data,No data,No data,673,No data,No data,No data,No data,No data,223,No data,281,No data,372,No data,No data,No data,852,No data,473,No data,579,861,No data,806,No data,No data,574,No data,310,No data,372,No data,No data,No data,381,No data,No data,No data,No data,No data,No data,No data,442,No data,684,No data,No data,No data,13,"{""type"":""Point"",""coordinates"":[120.34004764818435,0.82451008028741]}"
0000000000000000000d,No data,No data,962,683,No data,334,No data,326,No data,293,No data,553,No data,No data,No data,No data,No data,559,No data,No data,No data,417,No data,440,No data,492,No data,599,No data,744,No data,629,No data,408,No data,No data,No data,No data,No data,691,No data,No data,No data,No data,No data,No data,No data,No data,284,No data,287,No data,350,No data,771,No data,No data,No data,581,No data,No data,No data,1050,No data,No data,No data,No data,No data,456,No data,453,No data,500,No data,531,No data,439,No data,No data,No data,463,No data,502,No data,No data,No data,No data,No data,No data,No data,467,No data,No data,No data,No data,No data,No data,No data,601,No data,1081,No data,No data,No data,429,No data,379,No data,389,No data,No data,404,No data,No data,436,No data,No data,No data,No data,No data,No data,No data,696,No data,No data,No data,No data,521,No data,No data,262,No data,327,No data,No data,No data,14,"{""type"":""Point"",""coordinates"":[120.4478241206461,0.7703498388922565]}"
0000000000000000000e,No data,No data,688,No data,No data,168,No data,244,No data,301,No data,317,No data,No data,No data,No data,No data,267,No data,No data,392,235,No data,252,No data,250,No data,236,No data,333,No data,282,No data,249,No data,No data,No data,No data,No data,165,No data,No data,No data,No data,No data,No data,No data,No data,305,No data,309,No data,282,No data,322,No data,No data,No data,256,No data,No data,No data,721,No data,No data,No data,No data,No data,245,No data,264,No data,293,No data,342,No data,257,No data,258,No data,243,No data,198,No data,No data,No data,No data,No data,No data,No data,181,No data,No data,No data,No data,No data,No data,No data,No data,No data,269,No data,No data,No data,263,No data,294,No data,199,288,No data,213,565,No data,213,No data,244,No data,229,No data,No data,No data,209,No data,No data,549,No data,No data,No data,No data,140,No data,No data,No data,No data,No data,15,"{""type"":""Point"",""coordinates"":[120.50977887068272,0.7649632448196939]}"
0000000000000000000f,No data,No data,No data,304,No data,297,No data,345,No data,538,No data,446,No data,No data,No data,No data,No data,443,No data,No data,2531,405,No data,411,No data,555,No data,441,No data,463,No data,543,No data,518,No data,No data,No data,No data,No data,424,No data,No data,No data,No data,No data,No data,874,No data,429,No data,512,No data,296,No data,376,No data,No data,No data,No data,No data,No data,No data,609,No data,No data,No data,No data,No data,443,No data,441,No data,526,No data,593,No data,449,No data,No data,No data,390,No data,360,No data,No data,No data,No data,No data,No data,No data,340,No data,No data,No data,No data,No data,No data,No data,No data,No data,754,No data,No data,No data,502,No data,351,No data,323,No data,No data,374,No data,No data,499,No data,602,No data,No data,No data,No data,No data,460,No data,No data,No data,No data,496,No data,No data,339,No data,No data,No data,No data,No data,16,"{""type"":""Point"",""coordinates"":[120.45860622699337,0.7540874973503394]}"
10,No data,No data,464,No data,No data,227,No data,278,No data,577,No data,672,No data,No data,No data,No data,No data,379,676,No data,2338,436,No data,271,No data,258,No data,273,No data,526,No data,762,No data,771,No data,No data,No data,No data,No data,404,No data,No data,No data,No data,No data,No data,782,No data,183,No data,No data,No data,320,No data,611,No data,No data,No data,683,No data,No data,No data,2010,No data,No data,No data,No data,No data,299,No data,534,No data,500,No data,400,No data,206,No data,224,No data,437,No data,975,No data,No data,No data,No data,No data,No data,No data,327,No data,No data,No data,No data,No data,189,No data,306,No data,325,No data,No data,No data,669,No data,501,No data,390,558,No data,648,No data,No data,319,No data,302,No data,286,No data,No data,No data,481,No data,No data,No data,No data,No data,No data,No data,299,No data,424,No data,No data,No data,17,"{""type"":""Point"",""coordinates"":[120.3454342422569,0.8272256728289589]}"
11,No data,No data,574,339,No data,552,No data,902,No data,1259,No data,908,No data,No data,No data,No data,No data,1118,1019,No data,624,329,No data,304,No data,496,No data,1153,No data,724,No data,738,No data,816,No data,No data,No data,No data,No data,1005,No data,No data,No data,No data,No data,No data,No data,No data,691,No data,1333,No data,670,No data,1019,No data,No data,No data,1208,No data,No data,No data,1032,No data,No data,No data,No data,No data,301,No data,601,No data,1393,No data,1123,No data,848,No data,901,No data,982,No data,910,No data,No data,No data,No data,No data,No data,No data,416,No data,No data,No data,No data,No data,No data,No data,No data,No data,747,No data,No data,No data,804,No data,1220,No data,875,515,No data,274,273,No data,380,No data,615,No data,1173,No data,No data,No data,1301,No data,No data,No data,No data,934,No data,No data,401,No data,No data,No data,No data,No data,18,"{""type"":""Point"",""coordinates"":[120.52324089676306,0.7731100224443396]}"
12,No data,No data,969,924,No data,620,No data,396,No data,373,No data,518,No data,No data,No data,No data,No data,610,No data,No data,988,773,No data,766,No data,809,No data,754,No data,834,No data,731,No data,544,No data,No data,No data,No data,No data,734,No data,No data,No data,No data,No data,No data,1034,No data,470,No data,393,No data,292,No data,No data,No data,No data,No data,1042,No data,No data,No data,716,No data,No data,No data,No data,No data,719,No data,803,No data,842,No data,841,No data,468,No data,No data,No data,550,No data,490,No data,No data,No data,No data,No data,No data,No data,740,No data,No data,No data,No data,No data,No data,No data,No data,No data,452,No data,No data,No data,408,No data,602,No data,562,No data,No data,698,No data,No data,756,No data,683,No data,453,No data,No data,No data,915,No data,No data,No data,No data,637,No data,No data,697,No data,No data,No data,No data,No data,19,"{""type"":""Point"",""coordinates"":[120.4666771999001,0.7730743496359119]}"
13,No data,No data,651,567,No data,566,No data,552,No data,358,No data,441,No data,No data,No data,No data,No data,625,496,No data,1390,678,No data,634,No data,659,No data,618,No data,603,No data,486,No data,517,No data,No data,No data,No data,No data,429,No data,No data,No data,No data,No data,No data,No data,No data,1020,No data,782,No data,470,No data,883,No data,No data,No data,513,No data,No data,No data,1187,No data,No data,No data,No data,No data,685,No data,894,No data,963,No data,990,No data,902,No data,539,No data,513,No data,436,No data,No data,No data,No data,No data,No data,No data,No data,No data,No data,No data,No data,No data,No data,No data,No data,No data,683,No data,No data,No data,576,No data,452,No data,400,456,No data,408,435,No data,525,No data,475,No data,496,No data,No data,No data,407,No data,No data,No data,No data,No data,No data,No data,508,No data,No data,No data,No data,No data,20,"{""type"":""Point"",""coordinates"":[120.53940067898074,0.7785412075274366]}"
14,No data,No data,292,214,No data,306,No data,314,No data,311,No data,283,No data,No data,No data,No data,No data,247,491,No data,No data,222,No data,269,No data,253,No data,234,No data,333,No data,282,No data,280,No data,No data,No data,No data,No data,243,No data,No data,No data,No data,No data,No data,No data,No data,No data,No data,No data,No data,298,No data,No data,No data,No data,No data,123,No data,No data,No data,711,No data,No data,No data,No data,No data,246,No data,263,No data,266,No data,286,No data,232,No data,280,No data,274,No data,284,No data,No data,No data,No data,No data,731,No data,246,No data,No data,No data,No data,No data,No data,No data,974,No data,313,No data,No data,No data,241,No data,252,No data,220,211,No data,199,No data,No data,293,No data,274,No data,435,No data,No data,No data,274,No data,No data,No data,No data,321,No data,No data,210,No data,285,No data,No data,No data,21,"{""type"":""Point"",""coordinates"":[120.71176723020169,0.8627111990122811]}"
15,No data,No data,377,311,No data,297,No data,297,No data,301,No data,291,No data,No data,No data,No data,No data,253,303,No data,No data,231,No data,292,No data,235,No data,228,No data,323,No data,279,No data,289,No data,No data,No data,No data,No data,No data,No data,No data,No data,No data,No data,No data,No data,No data,No data,No data,No data,No data,252,No data,261,No data,No data,No data,295,No data,No data,No data,631,No data,No data,No data,No data,No data,242,No data,259,No data,291,No data,292,No data,283,No data,262,No data,253,No data,253,No data,No data,No data,No data,No data,748,No data,240,No data,No data,No data,No data,No data,No data,No data,No data,No data,271,No data,No data,No data,235,No data,265,No data,223,198,No data,232,No data,No data,290,No data,269,No data,275,No data,No data,No data,275,No data,No data,No data,No data,320,No data,No data,239,No data,296,No data,No data,No data,22,"{""type"":""Point"",""coordinates"":[120.72254041834682,0.8708535175358733]}"
16,No data,No data,546,283,No data,277,No data,405,No data,566,No data,558,No data,No data,No data,No data,No data,390,505,No data,No data,339,No data,421,No data,375,No data,356,No data,411,No data,387,No data,355,No data,No data,No data,No data,No data,No data,No data,No data,No data,No data,No data,No data,No data,No data,No data,No data,No data,No data,755,No data,No data,No data,No data,No data,No data,No data,No data,No data,667,No data,No data,No data,No data,No data,340,No data,369,No data,404,No data,451,No data,369,No data,376,No data,373,No data,391,No data,No data,No data,No data,No data,844,No data,403,No data,No data,No data,No data,No data,No data,No data,No data,No data,473,No data,No data,No data,354,No data,377,No data,399,311,No data,346,No data,No data,387,No data,363,No data,366,No data,No data,No data,366,No data,No data,No data,No data,446,No data,No data,348,No data,443,No data,No data,No data,23,"{""type"":""Point"",""coordinates"":[120.71176277110067,0.8708490584348196]}"
17,No data,No data,690,No data,No data,745,No data,672,No data,484,No data,329,No data,No data,No data,No data,No data,648,683,No data,No data,356,No data,425,No data,475,No data,552,No data,649,No data,501,No data,405,No data,No data,No data,No data,No data,No data,No data,No data,No data,No data,No data,No data,No data,No data,No data,No data,No data,No data,No data,No data,No data,No data,No data,No data,363,No data,No data,No data,738,No data,No data,No data,No data,No data,379,No data,383,No data,462,No data,495,No data,335,No data,337,No data,372,No data,402,No data,No data,No data,No data,No data,865,No data,351,No data,No data,No data,No data,No data,No data,No data,No data,No data,492,No data,No data,No data,291,No data,330,No data,535,543,No data,387,No data,No data,715,No data,784,No data,721,No data,No data,No data,554,No data,No data,No data,No data,437,No data,No data,692,No data,667,No data,No data,No data,24,"{""type"":""Point"",""coordinates"":[120.71175385289852,0.8816935921968001]}"
18,No data,No data,436,472,No data,569,No data,472,No data,599,No data,563,No data,No data,No data,No data,No data,377,702,No data,No data,472,No data,452,No data,460,No data,449,No data,572,No data,520,No data,618,No data,No data,No data,No data,No data,No data,No data,No data,No data,No data,No data,No data,No data,No data,No data,No data,728,No data,468,No data,1127,No data,No data,No data,532,No data,No data,No data,842,No data,No data,No data,No data,No data,365,No data,379,No data,420,No data,563,No data,351,No data,325,No data,418,No data,379,No data,No data,No data,No data,No data,977,No data,411,No data,No data,No data,No data,No data,No data,No data,703,No data,511,No data,No data,No data,329,No data,376,No data,363,341,No data,367,No data,No data,394,No data,489,No data,No data,No data,No data,No data,629,No data,No data,No data,No data,469,No data,No data,523,No data,599,No data,No data,No data,25,"{""type"":""Point"",""coordinates"":[120.72257609115526,0.8030528860182286]}"
19,No data,No data,352,No data,No data,472,No data,756,No data,1015,No data,877,No data,No data,No data,No data,No data,944,1047,No data,No data,963,No data,616,No data,441,No data,353,No data,548,No data,634,No data,612,No data,No data,No data,No data,No data,No data,No data,No data,No data,No data,No data,No data,No data,No data,No data,No data,No data,No data,983,No data,1166,No data,No data,No data,351,No data,No data,No data,1296,No data,No data,No data,No data,No data,642,No data,691,No data,931,No data,939,No data,551,No data,540,No data,555,No data,700,No data,No data,No data,No data,No data,931,No data,524,No data,No data,No data,No data,No data,No data,No data,No data,No data,807,No data,No data,No data,786,No data,777,No data,784,827,No data,672,No data,No data,791,No data,No data,No data,945,No data,No data,No data,1136,No data,No data,No data,No data,570,No data,No data,585,No data,570,No data,No data,No data,26,"{""type"":""Point"",""coordinates"":[120.75220235855434,0.8193419821664664]}"
0000000000000000001a,No data,No data,719,652,No data,413,No data,412,No data,522,No data,558,No data,No data,No data,No data,No data,471,707,No data,No data,495,No data,619,No data,674,No data,435,No data,688,No data,535,No data,574,No data,No data,No data,No data,No data,No data,No data,No data,No data,No data,No data,No data,No data,No data,No data,No data,544,No data,459,No data,408,No data,No data,No data,468,No data,No data,No data,925,No data,No data,No data,No data,No data,508,No data,528,No data,534,No data,546,No data,438,No data,417,No data,424,No data,394,No data,No data,No data,No data,No data,934,No data,417,No data,No data,No data,No data,No data,No data,No data,745,No data,458,No data,No data,No data,366,No data,389,No data,334,369,No data,370,No data,No data,388,No data,747,No data,No data,No data,No data,No data,382,No data,No data,No data,No data,438,No data,No data,345,No data,463,No data,No data,No data,27,"{""type"":""Point"",""coordinates"":[120.72796268522781,0.8057684785597771]}"
0000000000000000001b,No data,No data,661,No data,No data,860,No data,1202,No data,820,No data,673,No data,No data,No data,No data,No data,370,763,No data,No data,641,No data,760,No data,999,No data,756,No data,578,No data,426,No data,456,No data,No data,No data,No data,No data,No data,No data,No data,No data,No data,No data,No data,No data,No data,No data,No data,No data,No data,755,No data,552,No data,No data,No data,226,No data,No data,No data,1420,No data,No data,No data,No data,No data,533,No data,432,No data,635,No data,521,No data,406,No data,448,No data,501,No data,546,No data,No data,No data,No data,No data,No data,No data,500,No data,No data,No data,No data,No data,No data,No data,No data,No data,582,No data,No data,No data,390,No data,466,No data,412,482,No data,374,264,No data,534,No data,No data,No data,422,No data,No data,No data,694,No data,No data,No data,No data,431,No data,No data,722,No data,599,No data,No data,No data,28,"{""type"":""Point"",""coordinates"":[120.75490011469168,0.8193419821664664]}"
0000000000000000001c,No data,No data,No data,No data,No data,No data,No data,No data,No data,No data,No data,No data,No data,No data,No data,No data,No data,No data,No data,No data,No data,No data,No data,No data,No data,No data,No data,No data,No data,No data,No data,No data,No data,No data,No data,No data,No data,No data,No data,No data,No data,No data,No data,No data,No data,No data,No data,No data,No data,No data,No data,No data,No data,No data,No data,No data,No data,No data,No data,No data,No data,No data,No data,No data,No data,No data,No data,No data,No data,No data,No data,No data,No data,No data,No data,No data,No data,No data,No data,No data,No data,No data,No data,No data,No data,No data,No data,No data,No data,No data,No data,No data,No data,No data,No data,No data,No data,No data,No data,No data,No data,No data,No data,No data,No data,No data,No data,No data,No data,No data,No data,No data,No data,No data,No data,No data,No data,No data,No data,No data,No data,No data,No data,No data,No data,No data,No data,No data,No data,No data,No data,No data,No data,No data,No data,No data,29,"{""type"":""Point"",""coordinates"":[120.8248500329171,0.9875392739024449]}"
0000000000000000001d,No data,No data,No data,No data,No data,No data,No data,No data,No data,No data,No data,No data,No data,No data,No data,No data,No data,No data,No data,No data,No data,No data,No data,No data,No data,No data,No data,No data,No data,No data,No data,No data,No data,No data,No data,No data,No data,No data,No data,No data,No data,No data,No data,No data,No data,No data,No data,No data,No data,No data,No data,No data,No data,No data,No data,No data,No data,No data,No data,No data,No data,No data,No data,No data,No data,No data,No data,No data,No data,No data,No data,No data,No data,No data,No data,No data,No data,No data,No data,No data,No data,No data,No data,No data,No data,No data,No data,No data,No data,No data,No data,No data,No data,No data,No data,No data,No data,No data,No data,No data,No data,No data,No data,No data,No data,No data,No data,No data,No data,No data,No data,No data,No data,No data,No data,No data,No data,No data,No data,No data,No data,No data,No data,No data,No data,No data,No data,No data,No data,No data,No data,No data,No data,No data,No data,No data,30,"{""type"":""Point"",""coordinates"":[120.77365063462142,0.992930327076061]}"
0000000000000000001e,No data,No data,390,601,No data,560,No data,500,No data,550,No data,562,No data,No data,No data,No data,No data,437,745,No data,No data,496,No data,501,No data,481,No data,445,No data,470,No data,417,No data,411,No data,448,No data,No data,No data,479,No data,No data,No data,494,No data,No data,No data,No data,No data,No data,583,No data,448,No data,580,No data,No data,No data,462,No data,No data,No data,633,No data,689,No data,798,No data,414,No data,434,No data,429,No data,455,No data,415,No data,414,No data,371,No data,413,No data,No data,No data,No data,No data,688,No data,421,No data,No data,No data,No data,No data,341,No data,No data,No data,424,No data,No data,No data,343,No data,392,No data,335,433,No data,331,No data,No data,439,No data,No data,No data,385,No data,No data,No data,413,No data,No data,457,No data,No data,No data,No data,408,No data,435,No data,No data,No data,31,"{""type"":""Point"",""coordinates"":[120.85454764593305,0.8953429005213978]}"
0000000000000000001f,No data,No data,No data,No data,No data,No data,No data,No data,No data,No data,No data,No data,No data,No data,No data,No data,No data,No data,No data,No data,No data,No data,No data,No data,No data,No data,No data,No data,No data,No data,No data,No data,No data,No data,No data,No data,No data,No data,No data,No data,No data,No data,No data,No data,No data,No data,No data,No data,No data,No data,No data,No data,No data,No data,No data,No data,No data,No data,No data,No data,No data,No data,No data,No data,No data,No data,No data,No data,No data,No data,No data,No data,No data,No data,No data,No data,No data,No data,No data,No data,No data,No data,No data,No data,No data,No data,No data,No data,No data,No data,No data,No data,No data,No data,No data,No data,No data,No data,No data,No data,No data,No data,No data,No data,No data,No data,No data,No data,No data,No data,No data,No data,No data,No data,No data,No data,No data,No data,No data,No data,No data,No data,No data,No data,No data,No data,No data,No data,No data,No data,No data,No data,No data,No data,No data,No data,32,"{""type"":""Point"",""coordinates"":[120.81949911165299,0.9251564501647372]}"
20,No data,No data,527,No data,No data,535,No data,639,No data,718,No data,590,No data,No data,No data,No data,No data,459,555,No data,No data,516,No data,464,No data,536,No data,480,No data,723,No data,533,No data,624,No data,No data,No data,No data,No data,No data,No data,No data,No data,No data,No data,No data,No data,No data,No data,No data,663,No data,522,No data,582,No data,No data,No data,No data,No data,No data,No data,989,No data,No data,No data,No data,No data,456,No data,507,No data,496,No data,615,No data,568,No data,532,No data,528,No data,502,No data,No data,No data,No data,No data,914,No data,457,No data,No data,No data,No data,No data,No data,No data,No data,No data,675,No data,No data,No data,432,No data,418,No data,355,361,No data,408,No data,No data,428,No data,No data,No data,471,No data,No data,No data,516,No data,No data,No data,No data,518,No data,No data,412,No data,473,No data,No data,No data,33,"{""type"":""Point"",""coordinates"":[120.78183754415554,0.8274932188921654]}"
21,No data,No data,No data,No data,No data,No data,No data,No data,No data,No data,No data,No data,No data,No data,No data,No data,No data,No data,No data,No data,No data,No data,No data,No data,No data,No data,No data,No data,No data,No data,No data,No data,No data,No data,No data,No data,No data,No data,No data,No data,No data,No data,No data,No data,No data,No data,No data,No data,No data,No data,No data,No data,No data,No data,No data,No data,No data,No data,No data,No data,No data,No data,No data,No data,No data,No data,No data,No data,No data,No data,No data,No data,No data,No data,No data,No data,No data,No data,No data,No data,No data,No data,No data,No data,No data,No data,No data,No data,No data,No data,No data,No data,No data,No data,No data,No data,No data,No data,No data,No data,No data,No data,No data,No data,No data,No data,No data,No data,No data,No data,No data,No data,No data,No data,No data,No data,No data,No data,No data,No data,No data,No data,No data,No data,No data,No data,No data,No data,No data,No data,No data,No data,No data,No data,No data,No data,34,"{""type"":""Point"",""coordinates"":[120.8437566213837,0.9143208346048636]}"
22,No data,No data,No data,830,No data,No data,No data,No data,No data,No data,No data,No data,No data,No data,No data,No data,No data,No data,No data,No data,No data,No data,No data,No data,No data,No data,No data,No data,No data,No data,No data,No data,No data,No data,No data,No data,No data,No data,No data,No data,No data,No data,No data,No data,No data,No data,No data,No data,No data,No data,No data,No data,No data,No data,No data,No data,No data,No data,No data,No data,No data,No data,No data,No data,No data,No data,No data,No data,No data,No data,No data,No data,No data,No data,No data,No data,No data,No data,No data,No data,No data,No data,No data,No data,No data,No data,No data,No data,1084,No data,357,No data,No data,No data,No data,No data,No data,No data,No data,No data,No data,No data,No data,No data,No data,No data,No data,No data,No data,No data,No data,No data,No data,No data,No data,No data,No data,No data,No data,No data,No data,No data,No data,No data,No data,No data,No data,No data,No data,No data,No data,No data,379,No data,No data,No data,35,"{""type"":""Point"",""coordinates"":[120.79525497922539,0.9170052134390378]}"
23,No data,No data,687,No data,No data,521,No data,585,No data,678,No data,673,No data,No data,No data,No data,No data,830,885,No data,No data,367,No data,494,No data,634,No data,668,No data,725,No data,641,No data,500,No data,761,No data,No data,No data,No data,No data,No data,No data,No data,No data,No data,No data,No data,No data,No data,No data,No data,301,No data,374,No data,No data,No data,829,No data,No data,No data,671,No data,No data,No data,No data,No data,507,No data,498,No data,669,No data,634,No data,409,No data,347,No data,339,No data,455,No data,No data,No data,No data,No data,1138,No data,530,No data,No data,No data,No data,No data,No data,No data,No data,No data,534,No data,No data,No data,355,No data,455,No data,561,779,No data,778,No data,No data,678,No data,No data,No data,708,No data,No data,No data,699,No data,No data,No data,No data,No data,No data,No data,345,No data,369,No data,No data,No data,36,"{""type"":""Point"",""coordinates"":[120.81415710859092,0.8437867741414566]}"
24,No data,No data,388,857,No data,538,No data,750,No data,568,No data,603,No data,No data,No data,No data,No data,381,566,No data,No data,345,No data,538,No data,786,No data,783,No data,677,No data,490,No data,367,No data,No data,No data,No data,No data,No data,No data,No data,No data,470,No data,No data,No data,No data,No data,No data,No data,No data,No data,No data,423,No data,No data,No data,451,No data,No data,No data,925,No data,No data,No data,No data,No data,327,No data,356,No data,388,No data,447,No data,330,No data,321,No data,349,No data,422,No data,No data,No data,No data,No data,916,No data,579,No data,No data,No data,No data,No data,552,No data,No data,No data,535,No data,No data,No data,400,No data,508,No data,398,736,No data,340,No data,No data,468,No data,543,No data,555,No data,No data,No data,517,No data,No data,692,No data,No data,No data,No data,602,No data,330,No data,No data,No data,37,"{""type"":""Point"",""coordinates"":[120.77640635907244,0.8980094429513584]}"
25,No data,No data,544,574,No data,464,No data,579,No data,1194,No data,714,No data,No data,No data,No data,No data,283,738,No data,No data,629,No data,621,No data,776,No data,944,No data,837,No data,634,No data,No data,No data,No data,No data,No data,No data,579,No data,No data,No data,458,No data,No data,No data,No data,No data,No data,609,No data,492,No data,551,No data,No data,No data,420,No data,No data,No data,No data,No data,919,No data,892,No data,415,No data,460,No data,474,No data,496,No data,354,No data,355,No data,401,No data,428,No data,No data,No data,No data,No data,728,No data,489,No data,No data,No data,No data,No data,311,No data,No data,No data,465,No data,No data,No data,399,No data,360,No data,388,442,No data,491,No data,No data,525,No data,No data,No data,489,No data,No data,No data,520,No data,No data,469,No data,No data,No data,No data,390,No data,411,No data,No data,No data,38,"{""type"":""Point"",""coordinates"":[120.85723648386825,0.8980540339618931]}"
26,No data,No data,No data,No data,No data,No data,No data,No data,No data,No data,No data,No data,No data,No data,No data,No data,No data,No data,No data,No data,No data,No data,No data,No data,No data,No data,No data,No data,No data,No data,No data,No data,No data,No data,No data,No data,No data,No data,No data,No data,No data,No data,No data,No data,No data,No data,No data,No data,No data,No data,No data,No data,No data,No data,No data,No data,No data,No data,No data,No data,No data,No data,No data,No data,No data,No data,No data,No data,No data,No data,No data,No data,No data,No data,No data,No data,No data,No data,No data,No data,No data,No data,No data,No data,No data,No data,No data,No data,No data,No data,No data,No data,No data,No data,No data,No data,No data,No data,No data,No data,No data,No data,No data,No data,No data,No data,No data,No data,No data,No data,No data,No data,No data,No data,No data,No data,No data,No data,No data,No data,No data,No data,No data,No data,No data,No data,No data,No data,No data,No data,No data,No data,No data,No data,No data,No data,39,"{""type"":""Point"",""coordinates"":[120.85703582432085,1.1936924338053545]}"
27,No data,No data,No data,No data,No data,No data,No data,No data,No data,No data,No data,No data,No data,No data,No data,No data,No data,No data,No data,No data,No data,No data,No data,No data,No data,No data,No data,No data,No data,No data,No data,No data,No data,No data,No data,No data,No data,No data,No data,No data,No data,No data,No data,No data,No data,No data,No data,No data,No data,No data,No data,No data,No data,No data,No data,No data,No data,No data,No data,No data,No data,No data,No data,No data,No data,No data,No data,No data,No data,No data,No data,No data,No data,No data,No data,No data,No data,No data,No data,No data,No data,No data,No data,No data,No data,No data,No data,No data,No data,No data,No data,No data,No data,No data,No data,No data,No data,No data,No data,No data,No data,No data,No data,No data,No data,No data,No data,No data,No data,No data,No data,No data,No data,No data,No data,No data,No data,No data,No data,No data,No data,No data,No data,No data,No data,No data,No data,No data,No data,No data,No data,No data,No data,No data,No data,No data,40,"{""type"":""Point"",""coordinates"":[120.81400549915513,1.0824601580271471]}"
28,No data,No data,No data,No data,No data,No data,No data,No data,No data,No data,No data,No data,No data,No data,No data,No data,No data,No data,No data,No data,No data,No data,No data,No data,No data,No data,No data,No data,No data,No data,No data,No data,No data,No data,No data,No data,No data,No data,No data,No data,No data,No data,No data,No data,No data,No data,No data,No data,No data,No data,No data,No data,No data,No data,No data,No data,No data,No data,No data,No data,No data,No data,No data,No data,No data,No data,No data,No data,No data,No data,No data,No data,No data,No data,No data,No data,No data,No data,No data,No data,No data,No data,No data,No data,No data,No data,No data,No data,No data,No data,No data,No data,No data,No data,No data,No data,No data,No data,No data,No data,No data,No data,No data,No data,No data,No data,No data,No data,No data,No data,No data,No data,No data,No data,No data,No data,No data,No data,No data,No data,No data,No data,No data,No data,No data,No data,No data,No data,No data,No data,No data,No data,No data,No data,No data,No data,41,"{""type"":""Point"",""coordinates"":[120.82474747359285,1.1367095814433699]}"
29,No data,No data,No data,No data,No data,No data,No data,No data,No data,No data,No data,No data,No data,No data,No data,No data,No data,No data,No data,No data,No data,No data,No data,No data,No data,No data,No data,No data,No data,No data,No data,No data,No data,No data,No data,No data,No data,No data,No data,No data,No data,No data,No data,No data,No data,No data,No data,No data,No data,No data,No data,No data,No data,No data,No data,No data,No data,No data,No data,No data,No data,No data,No data,No data,No data,No data,No data,No data,No data,No data,No data,No data,No data,No data,No data,No data,No data,No data,No data,No data,No data,No data,No data,No data,No data,No data,No data,No data,No data,No data,No data,No data,No data,No data,No data,No data,No data,No data,No data,No data,No data,No data,No data,No data,No data,No data,No data,No data,No data,No data,No data,No data,No data,No data,No data,No data,No data,No data,No data,No data,No data,No data,No data,No data,No data,No data,No data,No data,No data,No data,No data,No data,No data,No data,No data,No data,42,"{""type"":""Point"",""coordinates"":[120.83016082227174,1.1041670619553217]}"
0000000000000000002a,No data,No data,No data,No data,No data,No data,No data,No data,No data,No data,No data,No data,No data,No data,No data,No data,No data,No data,No data,No data,No data,No data,No data,No data,No data,No data,No data,No data,No data,No data,No data,No data,No data,No data,No data,No data,No data,No data,No data,No data,No data,No data,No data,No data,No data,No data,No data,No data,No data,No data,No data,No data,No data,No data,No data,No data,No data,No data,No data,No data,No data,No data,No data,No data,No data,No data,No data,No data,No data,No data,No data,No data,No data,No data,No data,No data,No data,No data,No data,No data,No data,No data,No data,No data,No data,No data,No data,No data,No data,No data,No data,No data,No data,No data,No data,No data,No data,No data,No data,No data,No data,No data,No data,No data,No data,No data,No data,No data,No data,No data,No data,No data,No data,No data,No data,No data,No data,No data,No data,No data,No data,No data,No data,No data,No data,No data,No data,No data,No data,No data,No data,No data,No data,No data,No data,No data,43,"{""type"":""Point"",""coordinates"":[120.84092955131582,1.1123138395799674]}"
0000000000000000002b,No data,No data,No data,No data,No data,No data,No data,No data,No data,No data,No data,No data,No data,No data,No data,No data,No data,No data,No data,No data,No data,No data,No data,No data,No data,No data,No data,No data,No data,No data,No data,No data,No data,No data,No data,No data,No data,No data,No data,No data,No data,No data,No data,No data,No data,No data,No data,No data,No data,No data,No data,No data,No data,No data,No data,No data,No data,No data,No data,No data,No data,No data,No data,No data,No data,No data,No data,No data,No data,No data,No data,No data,No data,No data,No data,No data,No data,No data,No data,No data,No data,No data,No data,No data,No data,No data,No data,No data,No data,No data,No data,No data,No data,No data,No data,No data,No data,No data,No data,No data,No data,No data,No data,No data,No data,No data,No data,No data,No data,No data,No data,No data,No data,No data,No data,No data,No data,No data,No data,No data,No data,No data,No data,No data,No data,No data,No data,No data,No data,No data,No data,No data,No data,No data,No data,No data,44,"{""type"":""Point"",""coordinates"":[120.82475639179493,1.1231494551398409]}"
0000000000000000002c,No data,No data,No data,No data,No data,No data,No data,No data,No data,No data,No data,No data,No data,No data,No data,No data,No data,No data,No data,No data,No data,No data,No data,No data,No data,No data,No data,No data,No data,No data,No data,No data,No data,No data,No data,No data,No data,No data,No data,No data,No data,No data,No data,No data,No data,No data,No data,No data,No data,No data,No data,No data,No data,No data,No data,No data,No data,No data,No data,No data,No data,No data,No data,No data,No data,No data,No data,No data,No data,No data,No data,No data,No data,No data,No data,No data,No data,No data,No data,No data,No data,No data,No data,No data,No data,No data,No data,No data,No data,No data,No data,No data,No data,No data,No data,No data,No data,No data,No data,No data,No data,No data,No data,No data,No data,No data,No data,No data,No data,No data,No data,No data,No data,No data,No data,No data,No data,No data,No data,No data,No data,No data,No data,No data,No data,No data,No data,No data,No data,No data,No data,No data,No data,No data,No data,No data,45,"{""type"":""Point"",""coordinates"":[120.83818274506687,1.1828300636391604]}"
0000000000000000002d,No data,No data,No data,No data,No data,No data,No data,No data,No data,No data,No data,No data,No data,No data,No data,No data,No data,No data,No data,No data,No data,No data,No data,No data,No data,No data,No data,No data,No data,No data,No data,No data,No data,No data,No data,No data,No data,No data,No data,No data,No data,No data,No data,No data,No data,No data,No data,No data,No data,No data,No data,No data,No data,No data,No data,No data,No data,No data,No data,No data,No data,No data,No data,No data,No data,No data,No data,No data,No data,No data,No data,No data,No data,No data,No data,No data,No data,No data,No data,No data,No data,No data,No data,No data,No data,No data,No data,No data,No data,No data,No data,No data,No data,No data,No data,No data,No data,No data,No data,No data,No data,No data,No data,No data,No data,No data,No data,No data,No data,No data,No data,No data,No data,No data,No data,No data,No data,No data,No data,No data,No data,No data,No data,No data,No data,No data,No data,No data,No data,No data,No data,No data,No data,No data,No data,No data,46,"{""type"":""Point"",""coordinates"":[120.8085876913752,1.1231405369377343]}"
0000000000000000002e,No data,No data,No data,No data,No data,No data,No data,No data,No data,No data,No data,No data,No data,No data,No data,No data,No data,No data,No data,No data,No data,No data,No data,No data,No data,No data,No data,No data,No data,No data,No data,No data,No data,No data,No data,No data,No data,No data,No data,No data,No data,No data,No data,No data,No data,No data,No data,No data,No data,No data,No data,No data,No data,No data,No data,No data,No data,No data,No data,No data,No data,No data,No data,No data,No data,No data,No data,No data,No data,No data,No data,No data,No data,No data,No data,No data,No data,No data,No data,No data,No data,No data,No data,No data,No data,No data,No data,No data,No data,No data,No data,No data,No data,No data,No data,No data,No data,No data,No data,No data,No data,No data,No data,No data,No data,No data,No data,No data,No data,No data,No data,No data,No data,No data,No data,No data,No data,No data,No data,No data,No data,No data,No data,No data,No data,No data,No data,No data,No data,No data,No data,No data,No data,No data,No data,No data,47,"{""type"":""Point"",""coordinates"":[120.80860106867831,1.1041536846521616]}"
0000000000000000002f,No data,No data,No data,No data,No data,No data,No data,No data,No data,No data,No data,No data,No data,No data,No data,No data,No data,No data,No data,No data,No data,No data,No data,No data,No data,No data,No data,No data,No data,No data,No data,No data,No data,No data,No data,No data,No data,No data,No data,No data,No data,No data,No data,No data,No data,No data,No data,No data,No data,No data,No data,No data,No data,No data,No data,No data,No data,No data,No data,No data,No data,No data,No data,No data,No data,No data,No data,No data,No data,No data,No data,No data,No data,No data,No data,No data,No data,No data,No data,No data,No data,No data,No data,No data,No data,No data,No data,No data,No data,No data,No data,No data,No data,No data,No data,No data,No data,No data,No data,No data,No data,No data,No data,No data,No data,No data,No data,No data,No data,No data,No data,No data,No data,No data,No data,No data,No data,No data,No data,No data,No data,No data,No data,No data,No data,No data,No data,No data,No data,No data,No data,No data,No data,No data,No data,No data,48,"{""type"":""Point"",""coordinates"":[121.05370001718202,1.2833560377880442]}"
30,No data,No data,No data,No data,No data,No data,No data,No data,No data,No data,No data,No data,No data,No data,No data,No data,No data,No data,No data,No data,No data,No data,No data,No data,No data,No data,No data,No data,No data,No data,No data,No data,No data,No data,No data,No data,No data,No data,No data,No data,No data,No data,No data,No data,No data,No data,No data,No data,No data,No data,No data,No data,No data,No data,No data,No data,No data,No data,No data,No data,No data,No data,No data,No data,No data,No data,No data,No data,No data,No data,No data,No data,No data,No data,No data,No data,No data,No data,No data,No data,No data,No data,No data,No data,No data,No data,No data,No data,No data,No data,No data,No data,No data,No data,No data,No data,No data,No data,No data,No data,No data,No data,No data,No data,No data,No data,No data,No data,No data,No data,No data,No data,No data,No data,No data,No data,No data,No data,No data,No data,No data,No data,No data,No data,No data,No data,No data,No data,No data,No data,No data,No data,No data,No data,No data,No data,49,"{""type"":""Point"",""coordinates"":[120.97280746497148,1.3294051743669801]}"
31,No data,No data,No data,No data,No data,No data,No data,No data,No data,No data,No data,No data,No data,No data,No data,No data,No data,No data,No data,No data,No data,No data,No data,No data,No data,No data,No data,No data,No data,No data,No data,No data,No data,No data,No data,No data,No data,No data,No data,No data,No data,No data,No data,No data,No data,No data,No data,No data,No data,No data,No data,No data,No data,No data,No data,No data,No data,No data,No data,No data,No data,No data,No data,No data,No data,No data,No data,No data,No data,No data,No data,No data,No data,No data,No data,No data,No data,No data,No data,No data,No data,No data,No data,No data,No data,No data,No data,No data,No data,No data,No data,No data,No data,No data,No data,No data,No data,No data,No data,No data,No data,No data,No data,No data,No data,No data,No data,No data,No data,No data,No data,No data,No data,No data,No data,No data,No data,No data,No data,No data,No data,No data,No data,No data,No data,No data,No data,No data,No data,No data,No data,No data,No data,No data,No data,No data,50,"{""type"":""Point"",""coordinates"":[121.05908215215355,1.2914983563116367]}"
32,No data,No data,No data,No data,No data,No data,No data,No data,No data,No data,No data,No data,No data,No data,No data,No data,No data,No data,No data,No data,No data,No data,No data,No data,No data,No data,No data,No data,No data,No data,No data,No data,No data,No data,No data,No data,No data,No data,No data,No data,No data,No data,No data,No data,No data,No data,No data,No data,No data,No data,No data,No data,No data,No data,No data,No data,No data,No data,No data,No data,No data,No data,No data,No data,No data,No data,No data,No data,No data,No data,No data,No data,No data,No data,No data,No data,No data,No data,No data,No data,No data,No data,No data,No data,No data,No data,No data,No data,No data,No data,No data,No data,No data,No data,No data,No data,No data,No data,No data,No data,No data,No data,No data,No data,No data,No data,No data,No data,No data,No data,No data,No data,No data,No data,No data,No data,No data,No data,No data,No data,No data,No data,No data,No data,No data,No data,No data,No data,No data,No data,No data,No data,No data,No data,No data,No data,51,"{""type"":""Point"",""coordinates"":[120.8327604781859,1.2262215759902426]}"
33,No data,No data,No data,No data,No data,No data,No data,No data,No data,No data,No data,No data,No data,No data,No data,No data,No data,No data,No data,No data,No data,No data,No data,No data,No data,No data,No data,No data,No data,No data,No data,No data,No data,No data,No data,No data,No data,No data,No data,No data,No data,No data,No data,No data,No data,No data,No data,No data,No data,No data,No data,No data,No data,No data,No data,No data,No data,No data,No data,No data,No data,No data,No data,No data,No data,No data,No data,No data,No data,No data,No data,No data,No data,No data,No data,No data,No data,No data,No data,No data,No data,No data,No data,No data,No data,No data,No data,No data,No data,No data,No data,No data,No data,No data,No data,No data,No data,No data,No data,No data,No data,No data,No data,No data,No data,No data,No data,No data,No data,No data,No data,No data,No data,No data,No data,No data,No data,No data,No data,No data,No data,No data,No data,No data,No data,No data,No data,No data,No data,No data,No data,No data,No data,No data,No data,No data,52,"{""type"":""Point"",""coordinates"":[120.82466720977389,1.2370616506511694]}"
34,No data,No data,No data,No data,No data,No data,No data,No data,No data,No data,No data,No data,No data,No data,No data,No data,No data,No data,No data,No data,No data,No data,No data,No data,No data,No data,No data,No data,No data,No data,No data,No data,No data,No data,No data,No data,No data,No data,No data,No data,No data,No data,No data,No data,No data,No data,No data,No data,No data,No data,No data,No data,No data,No data,No data,No data,No data,No data,No data,No data,No data,No data,No data,No data,No data,No data,No data,No data,No data,No data,No data,No data,No data,No data,No data,No data,No data,No data,No data,No data,No data,No data,No data,No data,No data,No data,No data,No data,No data,No data,No data,No data,No data,No data,No data,No data,No data,No data,No data,No data,No data,No data,No data,No data,No data,No data,No data,No data,No data,No data,No data,No data,No data,No data,No data,No data,No data,No data,No data,No data,No data,No data,No data,No data,No data,No data,No data,No data,No data,No data,No data,No data,No data,No data,No data,No data,53,"{""type"":""Point"",""coordinates"":[120.82466275067287,1.2424883766332129]}"
