system:index,1/3/2018,1/10/2018,1/19/2018,2/4/2018,2/11/2018,2/20/2018,2/27/2018,3/8/2018,3/15/2018,3/24/2018,3/31/2018,4/9/2018,4/16/2018,4/25/2018,5/2/2018,5/11/2018,5/18/2018,5/27/2018,6/12/2018,6/19/2018,6/28/2018,7/14/2018,7/21/2018,7/30/2018,8/6/2018,8/15/2018,8/22/2018,8/31/2018,9/7/2018,9/16/2018,9/23/2018,10/2/2018,10/9/2018,10/18/2018,10/25/2018,11/3/2018,11/10/2018,11/19/2018,11/26/2018,12/5/2018,12/12/2018,12/21/2018,12/28/2018,1/6/2019,1/13/2019,1/22/2019,2/7/2019,2/14/2019,2/23/2019,3/2/2019,3/11/2019,3/18/2019,3/27/2019,4/3/2019,4/12/2019,4/19/2019,4/28/2019,5/5/2019,5/14/2019,5/21/2019,5/30/2019,6/6/2019,6/15/2019,6/22/2019,7/1/2019,7/8/2019,7/17/2019,7/24/2019,8/2/2019,8/9/2019,8/18/2019,8/25/2019,9/3/2019,9/10/2019,9/19/2019,9/26/2019,10/5/2019,10/12/2019,10/21/2019,10/28/2019,11/6/2019,11/13/2019,11/22/2019,11/29/2019,12/8/2019,12/15/2019,12/24/2019,12/31/2019,1/9/2020,1/16/2020,1/25/2020,2/1/2020,2/10/2020,2/17/2020,2/26/2020,3/4/2020,3/13/2020,3/20/2020,3/29/2020,4/5/2020,4/14/2020,4/21/2020,4/30/2020,5/7/2020,5/16/2020,5/23/2020,6/1/2020,6/8/2020,6/17/2020,7/3/2020,7/10/2020,7/19/2020,8/4/2020,8/11/2020,8/20/2020,8/27/2020,9/5/2020,9/12/2020,9/21/2020,9/28/2020,10/7/2020,10/14/2020,10/23/2020,10/30/2020,11/15/2020,11/24/2020,12/1/2020,12/10/2020,12/26/2020,1/2/2021,1/11/2021,1/18/2021,1/27/2021,2/3/2021,2/12/2021,2/19/2021,ID,.geo
0,No data,No data,749,No data,No data,1479,No data,1281,No data,No data,No data,No data,No data,No data,No data,No data,No data,898,No data,No data,2332,No data,No data,671,No data,1599,No data,1745,No data,1811,No data,2657,No data,2890,No data,No data,No data,No data,No data,1884,No data,No data,No data,No data,No data,No data,No data,No data,1544,No data,1577,No data,1714,No data,3623,No data,No data,No data,No data,No data,No data,No data,No data,No data,No data,No data,No data,No data,1462,No data,1709,No data,1625,No data,1868,No data,1971,No data,2290,No data,1867,No data,927,No data,No data,No data,No data,No data,963,No data,1215,No data,No data,No data,No data,No data,No data,No data,2776,No data,3088,No data,No data,No data,327,No data,No data,No data,557,No data,No data,1565,No data,No data,1607,No data,No data,No data,1318,No data,No data,No data,1449,No data,No data,No data,No data,No data,No data,No data,1588,No data,1363,No data,No data,No data,1,"{""type"":""Point"",""coordinates"":[120.18928098246627,0.7485002437303718]}"
1,No data,No data,No data,No data,No data,2010,No data,2129,No data,No data,No data,No data,1518,No data,1624,No data,No data,No data,No data,No data,3818,No data,1333,1765,1727,2417,1901,2096,1518,No data,1782,2144,No data,No data,1605,No data,No data,No data,1658,2156,No data,No data,No data,No data,1477,No data,1713,1789,No data,1634,No data,1425,2069,No data,No data,1622,No data,No data,892,No data,No data,No data,No data,No data,No data,1441,No data,No data,No data,1473,No data,No data,No data,1607,No data,No data,No data,1470,1816,No data,1907,No data,2417,No data,No data,No data,No data,No data,No data,No data,1257,No data,No data,1863,No data,No data,No data,No data,No data,1638,1891,No data,No data,No data,No data,No data,No data,No data,2043,No data,No data,2756,No data,No data,2030,No data,No data,No data,2317,No data,No data,No data,No data,1455,No data,No data,No data,No data,No data,2506,No data,No data,1539,No data,No data,No data,2,"{""type"":""Point"",""coordinates"":[120.22701835468159,0.6915931960862954]}"
2,No data,No data,631,1041,No data,1152,No data,1341,No data,No data,No data,No data,No data,No data,No data,No data,No data,1078,No data,No data,2477,1516,No data,1294,No data,1262,No data,1374,No data,1678,No data,3431,No data,2523,No data,No data,No data,No data,No data,310,No data,No data,No data,No data,No data,No data,No data,No data,1167,No data,2095,No data,2858,No data,3546,No data,No data,No data,No data,No data,No data,No data,No data,No data,No data,No data,No data,No data,1534,No data,1067,No data,1464,No data,1720,No data,1976,No data,1334,No data,2698,No data,922,No data,No data,No data,No data,No data,1062,No data,1384,No data,No data,No data,No data,No data,No data,No data,No data,No data,2911,No data,No data,No data,790,No data,883,No data,1283,No data,No data,1481,No data,No data,1452,No data,No data,No data,2452,No data,No data,No data,2533,No data,No data,No data,No data,No data,No data,No data,1038,No data,1127,No data,No data,No data,3,"{""type"":""Point"",""coordinates"":[120.20543184648186,0.756642562253964]}"
3,No data,No data,1431,No data,No data,1166,No data,1349,No data,No data,No data,No data,No data,No data,No data,No data,No data,No data,2596,No data,3979,2455,No data,2398,No data,2618,No data,2703,No data,2691,No data,2924,No data,2047,No data,No data,No data,No data,No data,297,No data,No data,No data,No data,No data,No data,No data,No data,1464,No data,1585,No data,1504,No data,No data,No data,No data,No data,563,No data,No data,No data,1799,No data,No data,No data,No data,No data,1325,No data,1211,No data,1254,No data,1521,No data,2804,No data,1051,No data,1462,No data,1056,No data,No data,No data,No data,No data,2052,No data,1516,No data,No data,No data,No data,No data,No data,No data,1382,No data,3220,No data,No data,No data,974,No data,662,No data,643,No data,No data,1468,No data,No data,1580,No data,No data,No data,1837,No data,No data,No data,1191,No data,No data,No data,No data,No data,No data,No data,1047,No data,1460,No data,No data,No data,4,"{""type"":""Point"",""coordinates"":[120.23773803361411,0.7783539252831918]}"
4,No data,No data,No data,No data,No data,1888,2247,1928,No data,No data,No data,No data,1395,No data,1594,No data,No data,No data,No data,1627,1863,No data,No data,1836,1648,1756,1627,1786,1758,No data,1728,2009,1957,2153,1739,No data,No data,No data,2814,No data,No data,No data,No data,No data,1667,No data,1707,1967,No data,1801,No data,1540,2106,No data,No data,1830,No data,No data,No data,2186,No data,No data,No data,No data,No data,1769,No data,No data,1835,1747,2365,No data,2209,1882,2429,2150,No data,No data,No data,No data,2325,1795,2302,No data,No data,No data,No data,No data,No data,No data,No data,No data,No data,1850,No data,No data,No data,No data,No data,1693,1854,No data,No data,418,1789,No data,1787,No data,1609,No data,No data,1655,No data,No data,1970,1783,No data,No data,No data,No data,No data,No data,2422,1803,2142,No data,No data,No data,No data,3998,No data,No data,No data,No data,No data,No data,5,"{""type"":""Point"",""coordinates"":[120.25396470234759,0.6617885646450632]}"
5,No data,No data,463,No data,No data,791,No data,1147,No data,No data,No data,No data,No data,No data,No data,No data,No data,812,No data,No data,2736,No data,No data,1450,No data,1363,No data,1746,No data,3290,No data,3285,No data,831,No data,No data,No data,No data,No data,341,No data,No data,No data,No data,No data,No data,1468,No data,1237,No data,1577,No data,2803,No data,1756,No data,No data,No data,No data,No data,No data,No data,2128,No data,No data,No data,No data,No data,1290,No data,1553,No data,2552,No data,1983,No data,1207,No data,645,No data,603,No data,223,No data,No data,No data,No data,No data,1554,No data,No data,No data,No data,No data,No data,No data,No data,No data,2071,No data,2256,No data,No data,No data,377,No data,678,No data,881,1320,No data,1521,No data,No data,1461,No data,No data,No data,1896,No data,No data,No data,1598,No data,No data,No data,No data,No data,No data,No data,1163,No data,1281,No data,No data,No data,6,"{""type"":""Point"",""coordinates"":[120.17581895638592,0.7457801920877697]}"
6,No data,No data,1018,517,No data,1785,No data,1594,No data,No data,No data,No data,No data,No data,No data,No data,No data,1709,No data,No data,2837,No data,No data,1552,No data,1018,No data,1302,No data,1549,No data,1361,No data,1492,No data,No data,No data,No data,No data,904,No data,No data,No data,No data,No data,No data,No data,No data,1156,No data,No data,No data,1533,No data,3756,No data,No data,No data,1724,No data,No data,No data,No data,No data,No data,No data,No data,No data,1459,No data,1309,No data,1253,No data,1472,No data,1587,No data,No data,No data,1722,No data,841,No data,No data,No data,No data,No data,1443,No data,No data,No data,No data,No data,No data,No data,No data,1336,1591,No data,2618,No data,No data,No data,319,No data,213,No data,1605,No data,No data,1396,No data,No data,1507,No data,No data,No data,1675,No data,No data,No data,1143,No data,No data,No data,No data,No data,No data,No data,1160,No data,1275,No data,No data,No data,7,"{""type"":""Point"",""coordinates"":[120.2188849543601,0.7783405479800314]}"
7,No data,No data,1005,No data,No data,1272,No data,1644,No data,No data,No data,No data,No data,No data,No data,No data,No data,853,No data,No data,2011,No data,No data,1136,No data,1338,No data,1725,No data,2291,No data,2900,No data,2383,No data,No data,No data,No data,No data,387,No data,No data,No data,No data,No data,No data,1140,No data,1093,No data,No data,No data,2151,No data,993,No data,No data,No data,No data,No data,No data,No data,1598,No data,No data,No data,No data,No data,1361,No data,1766,No data,3440,No data,1299,No data,1130,No data,1112,No data,300,No data,887,No data,No data,No data,No data,No data,1370,No data,No data,No data,No data,No data,No data,No data,No data,No data,3151,No data,2838,No data,No data,No data,1009,No data,666,No data,411,884,No data,1421,No data,No data,1550,No data,1882,No data,3630,No data,No data,No data,572,No data,No data,No data,No data,No data,No data,No data,1290,No data,1273,No data,No data,No data,8,"{""type"":""Point"",""coordinates"":[120.15427258009568,0.7457668147846093]}"
8,No data,No data,788,No data,No data,1257,No data,1633,No data,1493,No data,1568,No data,No data,No data,No data,No data,1939,2375,No data,1340,1793,No data,2187,No data,No data,No data,2908,No data,3366,No data,3749,No data,3732,No data,No data,No data,No data,No data,2456,No data,No data,No data,No data,No data,No data,No data,No data,No data,No data,No data,No data,3085,No data,2108,No data,No data,No data,2212,No data,No data,No data,3199,No data,No data,No data,No data,No data,2392,No data,2974,No data,3144,No data,3767,No data,3449,No data,1545,No data,1825,No data,2162,No data,No data,No data,No data,No data,No data,No data,793,No data,No data,No data,No data,No data,1538,No data,2547,No data,1578,No data,No data,No data,1836,No data,1265,No data,380,349,No data,2177,No data,No data,1516,No data,1446,No data,1505,No data,No data,No data,1740,No data,No data,No data,No data,No data,No data,No data,1607,No data,1691,No data,No data,No data,9,"{""type"":""Point"",""coordinates"":[120.32387002956243,0.8516124964902543]}"
9,No data,No data,2020,2351,No data,1978,No data,1910,No data,1962,No data,1986,No data,No data,No data,No data,No data,1829,No data,No data,1779,1664,No data,1779,No data,No data,No data,2327,No data,2651,No data,2980,No data,2706,No data,No data,No data,No data,No data,2104,No data,No data,No data,No data,No data,No data,No data,No data,2225,No data,No data,No data,2264,No data,2216,No data,No data,No data,1935,No data,No data,No data,3106,No data,No data,No data,No data,No data,1958,No data,2598,No data,2265,No data,2548,No data,2473,No data,2169,No data,2197,No data,2127,No data,No data,No data,No data,No data,1720,No data,1970,No data,No data,No data,No data,No data,2016,No data,2114,No data,2274,No data,No data,No data,1974,No data,2072,No data,1820,2068,No data,1647,No data,No data,1840,No data,1786,No data,1802,No data,No data,No data,1931,No data,No data,No data,No data,No data,No data,No data,No data,No data,2150,No data,No data,No data,10,"{""type"":""Point"",""coordinates"":[120.31850127189412,0.8272078364247449]}"
0000000000000000000a,No data,No data,2787,No data,No data,1857,No data,No data,No data,No data,No data,No data,No data,No data,No data,No data,No data,1797,No data,No data,2749,1289,No data,2878,No data,2821,No data,4021,No data,4082,No data,4566,No data,3199,No data,No data,No data,No data,No data,1911,No data,No data,No data,No data,No data,No data,1878,No data,No data,No data,3322,No data,3774,No data,No data,No data,No data,No data,2878,No data,No data,No data,2741,No data,No data,No data,1694,No data,2162,No data,No data,No data,3085,No data,3604,No data,No data,No data,2673,No data,3185,No data,3260,No data,No data,No data,1713,No data,No data,No data,2710,No data,No data,No data,No data,No data,2645,2926,3040,No data,3408,No data,No data,No data,2812,No data,2322,No data,2660,No data,No data,2116,No data,No data,2622,No data,2379,No data,2486,No data,No data,No data,2562,No data,No data,1848,No data,No data,No data,No data,2154,No data,2277,No data,No data,No data,11,"{""type"":""Point"",""coordinates"":[120.2995456333159,0.9681733980273295]}"
0000000000000000000b,No data,No data,1533,1748,No data,1618,No data,1417,No data,1415,No data,1460,No data,No data,No data,No data,No data,1319,No data,No data,No data,1774,No data,2372,No data,2261,No data,1984,No data,2137,No data,2308,No data,2206,No data,No data,No data,No data,No data,2131,No data,No data,No data,No data,No data,No data,945,No data,769,No data,1481,No data,1254,No data,No data,No data,No data,No data,2132,No data,No data,No data,2501,No data,No data,No data,No data,No data,2047,No data,2044,No data,2412,No data,2252,No data,1007,No data,No data,No data,603,No data,821,No data,No data,No data,No data,No data,No data,No data,1491,No data,No data,No data,No data,No data,No data,No data,2564,No data,2526,No data,No data,No data,735,No data,1182,No data,1432,No data,No data,1512,No data,No data,2201,No data,2022,No data,No data,No data,No data,No data,1649,No data,No data,No data,No data,No data,No data,No data,1496,No data,1438,No data,No data,No data,12,"{""type"":""Point"",""coordinates"":[120.43165542022633,0.7784743210116348]}"
0000000000000000000c,No data,No data,1111,No data,No data,1256,No data,1405,No data,2186,No data,2787,No data,No data,No data,No data,No data,322,No data,No data,1176,910,No data,1115,No data,1650,No data,1125,No data,1666,No data,3510,No data,2121,No data,No data,No data,No data,No data,815,No data,No data,No data,No data,No data,No data,1275,No data,1155,No data,No data,No data,1175,No data,1483,No data,No data,No data,2906,No data,No data,No data,1779,No data,No data,No data,No data,No data,259,No data,1905,No data,712,No data,1218,No data,1165,No data,1067,No data,1525,No data,3561,No data,No data,No data,No data,No data,No data,No data,220,No data,No data,No data,No data,No data,1262,No data,1370,No data,1421,No data,No data,No data,2090,No data,1042,No data,962,265,No data,1335,No data,No data,1176,No data,693,No data,1599,No data,No data,No data,1500,No data,No data,No data,No data,No data,No data,No data,502,No data,453,No data,No data,No data,13,"{""type"":""Point"",""coordinates"":[120.34004764818435,0.82451008028741]}"
0000000000000000000d,No data,No data,1232,792,No data,1127,No data,1400,No data,1503,No data,1609,No data,No data,No data,No data,No data,1642,No data,No data,No data,1513,No data,1600,No data,1844,No data,2646,No data,2733,No data,2587,No data,1888,No data,No data,No data,No data,No data,442,No data,No data,No data,No data,No data,No data,No data,No data,1338,No data,1412,No data,1401,No data,1811,No data,No data,No data,2210,No data,No data,No data,2245,No data,No data,No data,No data,No data,1726,No data,1843,No data,1942,No data,2326,No data,1763,No data,No data,No data,2037,No data,1846,No data,No data,No data,No data,No data,No data,No data,1563,No data,No data,No data,No data,No data,No data,No data,1436,No data,2529,No data,No data,No data,1409,No data,1415,No data,1524,No data,No data,1374,No data,No data,2009,No data,No data,No data,No data,No data,No data,No data,522,No data,No data,No data,No data,1196,No data,No data,1363,No data,1260,No data,No data,No data,14,"{""type"":""Point"",""coordinates"":[120.4478241206461,0.7703498388922565]}"
0000000000000000000e,No data,No data,1489,No data,No data,1369,No data,1568,No data,1849,No data,1397,No data,No data,No data,No data,No data,1856,No data,No data,1961,1718,No data,1754,No data,1630,No data,1746,No data,1649,No data,1725,No data,1490,No data,No data,No data,No data,No data,1197,No data,No data,No data,No data,No data,No data,No data,No data,1494,No data,1663,No data,1651,No data,1900,No data,No data,No data,1776,No data,No data,No data,2624,No data,No data,No data,No data,No data,1691,No data,1605,No data,1653,No data,1564,No data,1579,No data,1481,No data,1447,No data,1155,No data,No data,No data,No data,No data,No data,No data,1272,No data,No data,No data,No data,No data,No data,No data,No data,No data,1569,No data,No data,No data,1655,No data,1831,No data,1726,2021,No data,1832,2421,No data,1602,No data,1801,No data,1647,No data,No data,No data,1412,No data,No data,1026,No data,No data,No data,No data,1055,No data,No data,No data,No data,No data,15,"{""type"":""Point"",""coordinates"":[120.50977887068272,0.7649632448196939]}"
0000000000000000000f,No data,No data,No data,1717,No data,1947,No data,2014,No data,2316,No data,2000,No data,No data,No data,No data,No data,2009,No data,No data,2049,1991,No data,2007,No data,2345,No data,2222,No data,2264,No data,2425,No data,2483,No data,No data,No data,No data,No data,2262,No data,No data,No data,No data,No data,No data,1408,No data,1157,No data,1801,No data,1279,No data,1581,No data,No data,No data,No data,No data,No data,No data,2046,No data,No data,No data,No data,No data,1636,No data,1846,No data,2206,No data,2405,No data,2078,No data,No data,No data,2186,No data,1910,No data,No data,No data,No data,No data,No data,No data,2044,No data,No data,No data,No data,No data,No data,No data,No data,No data,2631,No data,No data,No data,2100,No data,1792,No data,1761,No data,No data,1710,No data,No data,2256,No data,2475,No data,No data,No data,No data,No data,2358,No data,No data,No data,No data,1900,No data,No data,2038,No data,No data,No data,No data,No data,16,"{""type"":""Point"",""coordinates"":[120.45860622699337,0.7540874973503394]}"
10,No data,No data,1244,No data,No data,1157,No data,1172,No data,1595,No data,1821,No data,No data,No data,No data,No data,689,968,No data,2882,1053,No data,896,No data,1444,No data,1279,No data,1639,No data,2177,No data,2016,No data,No data,No data,No data,No data,1218,No data,No data,No data,No data,No data,No data,1225,No data,981,No data,No data,No data,1128,No data,1776,No data,No data,No data,2214,No data,No data,No data,2536,No data,No data,No data,No data,No data,215,No data,1603,No data,1174,No data,1092,No data,727,No data,854,No data,1267,No data,2704,No data,No data,No data,No data,No data,No data,No data,180,No data,No data,No data,No data,No data,838,No data,1117,No data,1170,No data,No data,No data,1314,No data,1122,No data,853,604,No data,1235,No data,No data,1103,No data,1155,No data,1144,No data,No data,No data,1551,No data,No data,No data,No data,No data,No data,No data,320,No data,607,No data,No data,No data,17,"{""type"":""Point"",""coordinates"":[120.3454342422569,0.8272256728289589]}"
11,No data,No data,1242,1214,No data,1465,No data,2017,No data,3086,No data,1478,No data,No data,No data,No data,No data,555,1675,No data,1152,1092,No data,1116,No data,1432,No data,3208,No data,944,No data,659,No data,1223,No data,No data,No data,No data,No data,1353,No data,No data,No data,No data,No data,No data,No data,No data,1722,No data,3272,No data,1170,No data,1870,No data,No data,No data,135,No data,No data,No data,1769,No data,No data,No data,No data,No data,1041,No data,1459,No data,3177,No data,2493,No data,803,No data,498,No data,364,No data,200,No data,No data,No data,No data,No data,No data,No data,1545,No data,No data,No data,No data,No data,No data,No data,No data,No data,579,No data,No data,No data,179,No data,1825,No data,706,1346,No data,1276,1364,No data,1342,No data,1641,No data,2396,No data,No data,No data,3099,No data,No data,No data,No data,1284,No data,No data,781,No data,No data,No data,No data,No data,18,"{""type"":""Point"",""coordinates"":[120.52324089676306,0.7731100224443396]}"
12,No data,No data,680,1486,No data,1583,No data,1649,No data,1725,No data,1683,No data,No data,No data,No data,No data,1426,No data,No data,3090,1945,No data,2252,No data,2580,No data,2510,No data,2634,No data,2535,No data,2103,No data,No data,No data,No data,No data,1963,No data,No data,No data,No data,No data,No data,1102,No data,1362,No data,1872,No data,1475,No data,No data,No data,No data,No data,2528,No data,No data,No data,2003,No data,No data,No data,No data,No data,2224,No data,2598,No data,2799,No data,2834,No data,1761,No data,No data,No data,2153,No data,1726,No data,No data,No data,No data,No data,No data,No data,1506,No data,No data,No data,No data,No data,No data,No data,No data,No data,1745,No data,No data,No data,1414,No data,1454,No data,1422,No data,No data,1054,No data,No data,2184,No data,1778,No data,1584,No data,No data,No data,2025,No data,No data,No data,No data,738,No data,No data,1546,No data,No data,No data,No data,No data,19,"{""type"":""Point"",""coordinates"":[120.4666771999001,0.7730743496359119]}"
13,No data,No data,1027,713,No data,1555,No data,1447,No data,1332,No data,1664,No data,No data,No data,No data,No data,1678,1055,No data,1661,2213,No data,2083,No data,1924,No data,2111,No data,1864,No data,1677,No data,1181,No data,No data,No data,No data,No data,919,No data,No data,No data,No data,No data,No data,No data,No data,2800,No data,1975,No data,922,No data,1560,No data,No data,No data,1216,No data,No data,No data,2180,No data,No data,No data,No data,No data,1872,No data,2534,No data,2855,No data,3022,No data,2683,No data,2124,No data,1940,No data,1646,No data,No data,No data,No data,No data,No data,No data,No data,No data,No data,No data,No data,No data,No data,No data,No data,No data,2071,No data,No data,No data,1797,No data,1631,No data,1705,1783,No data,1635,1933,No data,2006,No data,1715,No data,1463,No data,No data,No data,1405,No data,No data,No data,No data,No data,No data,No data,1195,No data,No data,No data,No data,No data,20,"{""type"":""Point"",""coordinates"":[120.53940067898074,0.7785412075274366]}"
14,No data,No data,1546,955,No data,1545,No data,1613,No data,1653,No data,1522,No data,No data,No data,No data,No data,1500,1509,No data,No data,1501,No data,1528,No data,1559,No data,1557,No data,1581,No data,1614,No data,1593,No data,No data,No data,No data,No data,1115,No data,No data,No data,No data,No data,No data,No data,No data,No data,No data,No data,No data,1715,No data,No data,No data,No data,No data,840,No data,No data,No data,1361,No data,No data,No data,No data,No data,1532,No data,1621,No data,1563,No data,1714,No data,1549,No data,1611,No data,1606,No data,1547,No data,No data,No data,No data,No data,1456,No data,1513,No data,No data,No data,No data,No data,No data,No data,1706,No data,1669,No data,No data,No data,1577,No data,1519,No data,1511,1068,No data,1319,No data,No data,1714,No data,1786,No data,1963,No data,No data,No data,1612,No data,No data,No data,No data,1603,No data,No data,1362,No data,1497,No data,No data,No data,21,"{""type"":""Point"",""coordinates"":[120.71176723020169,0.8627111990122811]}"
15,No data,No data,1607,1248,No data,1466,No data,1432,No data,1507,No data,1451,No data,No data,No data,No data,No data,1416,1401,No data,No data,1397,No data,1419,No data,1442,No data,1423,No data,1520,No data,1508,No data,1524,No data,No data,No data,No data,No data,No data,No data,No data,No data,No data,No data,No data,No data,No data,No data,No data,No data,No data,1529,No data,1386,No data,No data,No data,1804,No data,No data,No data,1437,No data,No data,No data,No data,No data,1370,No data,1381,No data,1478,No data,1467,No data,1492,No data,1484,No data,1459,No data,1418,No data,No data,No data,No data,No data,1436,No data,1379,No data,No data,No data,No data,No data,No data,No data,No data,No data,1404,No data,No data,No data,1341,No data,1379,No data,1412,991,No data,1446,No data,No data,1463,No data,1665,No data,1615,No data,No data,No data,1542,No data,No data,No data,No data,1614,No data,No data,1413,No data,1506,No data,No data,No data,22,"{""type"":""Point"",""coordinates"":[120.72254041834682,0.8708535175358733]}"
16,No data,No data,1372,989,No data,1135,No data,1346,No data,1650,No data,1787,No data,No data,No data,No data,No data,1538,1558,No data,No data,1535,No data,1506,No data,1608,No data,1702,No data,1734,No data,1755,No data,1706,No data,No data,No data,No data,No data,No data,No data,No data,No data,No data,No data,No data,No data,No data,No data,No data,No data,No data,2980,No data,No data,No data,No data,No data,No data,No data,No data,No data,1312,No data,No data,No data,No data,No data,1470,No data,1536,No data,1690,No data,1864,No data,1710,No data,1704,No data,1764,No data,1748,No data,No data,No data,No data,No data,1622,No data,1803,No data,No data,No data,No data,No data,No data,No data,No data,No data,1933,No data,No data,No data,1871,No data,1800,No data,1932,1197,No data,1358,No data,No data,1424,No data,1462,No data,1455,No data,No data,No data,1345,No data,No data,No data,No data,1738,No data,No data,1664,No data,1762,No data,No data,No data,23,"{""type"":""Point"",""coordinates"":[120.71176277110067,0.8708490584348196]}"
17,No data,No data,1680,No data,No data,1585,No data,1245,No data,1648,No data,1673,No data,No data,No data,No data,No data,1836,1606,No data,No data,1579,No data,1647,No data,1825,No data,2067,No data,2030,No data,1785,No data,1678,No data,No data,No data,No data,No data,No data,No data,No data,No data,No data,No data,No data,No data,No data,No data,No data,No data,No data,No data,No data,No data,No data,No data,No data,2130,No data,No data,No data,1548,No data,No data,No data,No data,No data,1802,No data,1909,No data,2038,No data,2322,No data,1938,No data,1847,No data,1798,No data,2016,No data,No data,No data,No data,No data,1510,No data,1499,No data,No data,No data,No data,No data,No data,No data,No data,No data,1899,No data,No data,No data,1466,No data,1534,No data,1091,1069,No data,607,No data,No data,1033,No data,1497,No data,1383,No data,No data,No data,1422,No data,No data,No data,No data,1559,No data,No data,1976,No data,1050,No data,No data,No data,24,"{""type"":""Point"",""coordinates"":[120.71175385289852,0.8816935921968001]}"
18,No data,No data,1429,1470,No data,1410,No data,1559,No data,1665,No data,1804,No data,No data,No data,No data,No data,1489,1653,No data,No data,1687,No data,1732,No data,1800,No data,1904,No data,2124,No data,2202,No data,2159,No data,No data,No data,No data,No data,No data,No data,No data,No data,No data,No data,No data,No data,No data,No data,No data,2805,No data,1533,No data,1320,No data,No data,No data,878,No data,No data,No data,1253,No data,No data,No data,No data,No data,1094,No data,1030,No data,1114,No data,1856,No data,1140,No data,1011,No data,1377,No data,1186,No data,No data,No data,No data,No data,1432,No data,1522,No data,No data,No data,No data,No data,No data,No data,1842,No data,2194,No data,No data,No data,1553,No data,1614,No data,1591,1666,No data,1688,No data,No data,1816,No data,2164,No data,No data,No data,No data,No data,1954,No data,No data,No data,No data,2003,No data,No data,1966,No data,1364,No data,No data,No data,25,"{""type"":""Point"",""coordinates"":[120.72257609115526,0.8030528860182286]}"
19,No data,No data,1267,No data,No data,1576,No data,2003,No data,2358,No data,2335,No data,No data,No data,No data,No data,966,1009,No data,No data,754,No data,921,No data,1548,No data,1895,No data,1957,No data,2158,No data,1738,No data,No data,No data,No data,No data,No data,No data,No data,No data,No data,No data,No data,No data,No data,No data,No data,No data,No data,3238,No data,3142,No data,No data,No data,1209,No data,No data,No data,1679,No data,No data,No data,No data,No data,2149,No data,2450,No data,2643,No data,3124,No data,1574,No data,1711,No data,1994,No data,2319,No data,No data,No data,No data,No data,1417,No data,1937,No data,No data,No data,No data,No data,No data,No data,No data,No data,2323,No data,No data,No data,1746,No data,1618,No data,1539,1798,No data,1214,No data,No data,2087,No data,No data,No data,1801,No data,No data,No data,1949,No data,No data,No data,No data,1214,No data,No data,1828,No data,1565,No data,No data,No data,26,"{""type"":""Point"",""coordinates"":[120.75220235855434,0.8193419821664664]}"
0000000000000000001a,No data,No data,1694,1738,No data,1382,No data,1452,No data,1674,No data,1783,No data,No data,No data,No data,No data,1626,1737,No data,No data,1874,No data,1747,No data,1125,No data,336,No data,1542,No data,835,No data,1652,No data,No data,No data,No data,No data,No data,No data,No data,No data,No data,No data,No data,No data,No data,No data,No data,2182,No data,2015,No data,1781,No data,No data,No data,2047,No data,No data,No data,1783,No data,No data,No data,No data,No data,1990,No data,2029,No data,2239,No data,2292,No data,1945,No data,1916,No data,2039,No data,1871,No data,No data,No data,No data,No data,1721,No data,2002,No data,No data,No data,No data,No data,No data,No data,1807,No data,2026,No data,No data,No data,1892,No data,1842,No data,1932,1940,No data,1898,No data,No data,2032,No data,2438,No data,No data,No data,No data,No data,1973,No data,No data,No data,No data,2069,No data,No data,1748,No data,1883,No data,No data,No data,27,"{""type"":""Point"",""coordinates"":[120.72796268522781,0.8057684785597771]}"
0000000000000000001b,No data,No data,1065,No data,No data,607,No data,2198,No data,822,No data,2082,No data,No data,No data,No data,No data,1256,1424,No data,No data,568,No data,536,No data,1963,No data,1179,No data,1514,No data,1084,No data,1126,No data,No data,No data,No data,No data,No data,No data,No data,No data,No data,No data,No data,No data,No data,No data,No data,No data,No data,2344,No data,1831,No data,No data,No data,919,No data,No data,No data,1819,No data,No data,No data,No data,No data,1323,No data,919,No data,2016,No data,1300,No data,987,No data,1122,No data,1345,No data,1610,No data,No data,No data,No data,No data,No data,No data,1423,No data,No data,No data,No data,No data,No data,No data,No data,No data,2156,No data,No data,No data,1584,No data,1463,No data,1423,1458,No data,1254,810,No data,1717,No data,No data,No data,779,No data,No data,No data,930,No data,No data,No data,No data,606,No data,No data,1431,No data,1182,No data,No data,No data,28,"{""type"":""Point"",""coordinates"":[120.75490011469168,0.8193419821664664]}"
0000000000000000001c,No data,No data,No data,No data,No data,No data,No data,No data,No data,No data,No data,No data,No data,No data,No data,No data,No data,No data,No data,No data,No data,No data,No data,No data,No data,No data,No data,No data,No data,No data,No data,No data,No data,No data,No data,No data,No data,No data,No data,No data,No data,No data,No data,No data,No data,No data,No data,No data,No data,No data,No data,No data,No data,No data,No data,No data,No data,No data,No data,No data,No data,No data,No data,No data,No data,No data,No data,No data,No data,No data,No data,No data,No data,No data,No data,No data,No data,No data,No data,No data,No data,No data,No data,No data,No data,No data,No data,No data,No data,No data,No data,No data,No data,No data,No data,No data,No data,No data,No data,No data,No data,No data,No data,No data,No data,No data,No data,No data,No data,No data,No data,No data,No data,No data,No data,No data,No data,No data,No data,No data,No data,No data,No data,No data,No data,No data,No data,No data,No data,No data,No data,No data,No data,No data,No data,No data,29,"{""type"":""Point"",""coordinates"":[120.8248500329171,0.9875392739024449]}"
0000000000000000001d,No data,No data,No data,No data,No data,No data,No data,No data,No data,No data,No data,No data,No data,No data,No data,No data,No data,No data,No data,No data,No data,No data,No data,No data,No data,No data,No data,No data,No data,No data,No data,No data,No data,No data,No data,No data,No data,No data,No data,No data,No data,No data,No data,No data,No data,No data,No data,No data,No data,No data,No data,No data,No data,No data,No data,No data,No data,No data,No data,No data,No data,No data,No data,No data,No data,No data,No data,No data,No data,No data,No data,No data,No data,No data,No data,No data,No data,No data,No data,No data,No data,No data,No data,No data,No data,No data,No data,No data,No data,No data,No data,No data,No data,No data,No data,No data,No data,No data,No data,No data,No data,No data,No data,No data,No data,No data,No data,No data,No data,No data,No data,No data,No data,No data,No data,No data,No data,No data,No data,No data,No data,No data,No data,No data,No data,No data,No data,No data,No data,No data,No data,No data,No data,No data,No data,No data,30,"{""type"":""Point"",""coordinates"":[120.77365063462142,0.992930327076061]}"
0000000000000000001e,No data,No data,1613,1889,No data,1887,No data,1713,No data,2073,No data,1848,No data,No data,No data,No data,No data,1758,1884,No data,No data,2019,No data,1902,No data,2108,No data,1966,No data,2019,No data,1867,No data,1875,No data,2000,No data,No data,No data,1585,No data,No data,No data,2058,No data,No data,No data,No data,No data,No data,2403,No data,2098,No data,2307,No data,No data,No data,2224,No data,No data,No data,1647,No data,2155,No data,1776,No data,1858,No data,1935,No data,2141,No data,2211,No data,2097,No data,2029,No data,2035,No data,2036,No data,No data,No data,No data,No data,1793,No data,2275,No data,No data,No data,No data,No data,1807,No data,No data,No data,2114,No data,No data,No data,1854,No data,1610,No data,1663,1750,No data,1319,No data,No data,1976,No data,No data,No data,1823,No data,No data,No data,1873,No data,No data,1986,No data,No data,No data,No data,1970,No data,1796,No data,No data,No data,31,"{""type"":""Point"",""coordinates"":[120.85454764593305,0.8953429005213978]}"
0000000000000000001f,No data,No data,No data,No data,No data,No data,No data,No data,No data,No data,No data,No data,No data,No data,No data,No data,No data,No data,No data,No data,No data,No data,No data,No data,No data,No data,No data,No data,No data,No data,No data,No data,No data,No data,No data,No data,No data,No data,No data,No data,No data,No data,No data,No data,No data,No data,No data,No data,No data,No data,No data,No data,No data,No data,No data,No data,No data,No data,No data,No data,No data,No data,No data,No data,No data,No data,No data,No data,No data,No data,No data,No data,No data,No data,No data,No data,No data,No data,No data,No data,No data,No data,No data,No data,No data,No data,No data,No data,No data,No data,No data,No data,No data,No data,No data,No data,No data,No data,No data,No data,No data,No data,No data,No data,No data,No data,No data,No data,No data,No data,No data,No data,No data,No data,No data,No data,No data,No data,No data,No data,No data,No data,No data,No data,No data,No data,No data,No data,No data,No data,No data,No data,No data,No data,No data,No data,32,"{""type"":""Point"",""coordinates"":[120.81949911165299,0.9251564501647372]}"
20,No data,No data,1592,No data,No data,1506,No data,1764,No data,1820,No data,1671,No data,No data,No data,No data,No data,1462,1477,No data,No data,1728,No data,1527,No data,1769,No data,1691,No data,2099,No data,1832,No data,1932,No data,No data,No data,No data,No data,No data,No data,No data,No data,No data,No data,No data,No data,No data,No data,No data,2179,No data,1886,No data,1615,No data,No data,No data,No data,No data,No data,No data,1551,No data,No data,No data,No data,No data,1635,No data,1679,No data,1916,No data,2048,No data,1719,No data,1808,No data,1817,No data,1806,No data,No data,No data,No data,No data,1651,No data,1789,No data,No data,No data,No data,No data,No data,No data,No data,No data,2074,No data,No data,No data,1668,No data,1551,No data,1560,1492,No data,1464,No data,No data,1697,No data,No data,No data,1849,No data,No data,No data,1807,No data,No data,No data,No data,1338,No data,No data,1607,No data,1654,No data,No data,No data,33,"{""type"":""Point"",""coordinates"":[120.78183754415554,0.8274932188921654]}"
21,No data,No data,No data,No data,No data,No data,No data,No data,No data,No data,No data,No data,No data,No data,No data,No data,No data,No data,No data,No data,No data,No data,No data,No data,No data,No data,No data,No data,No data,No data,No data,No data,No data,No data,No data,No data,No data,No data,No data,No data,No data,No data,No data,No data,No data,No data,No data,No data,No data,No data,No data,No data,No data,No data,No data,No data,No data,No data,No data,No data,No data,No data,No data,No data,No data,No data,No data,No data,No data,No data,No data,No data,No data,No data,No data,No data,No data,No data,No data,No data,No data,No data,No data,No data,No data,No data,No data,No data,No data,No data,No data,No data,No data,No data,No data,No data,No data,No data,No data,No data,No data,No data,No data,No data,No data,No data,No data,No data,No data,No data,No data,No data,No data,No data,No data,No data,No data,No data,No data,No data,No data,No data,No data,No data,No data,No data,No data,No data,No data,No data,No data,No data,No data,No data,No data,No data,34,"{""type"":""Point"",""coordinates"":[120.8437566213837,0.9143208346048636]}"
22,No data,No data,No data,2447,No data,No data,No data,No data,No data,No data,No data,No data,No data,No data,No data,No data,No data,No data,No data,No data,No data,No data,No data,No data,No data,No data,No data,No data,No data,No data,No data,No data,No data,No data,No data,No data,No data,No data,No data,No data,No data,No data,No data,No data,No data,No data,No data,No data,No data,No data,No data,No data,No data,No data,No data,No data,No data,No data,No data,No data,No data,No data,No data,No data,No data,No data,No data,No data,No data,No data,No data,No data,No data,No data,No data,No data,No data,No data,No data,No data,No data,No data,No data,No data,No data,No data,No data,No data,1355,No data,1800,No data,No data,No data,No data,No data,No data,No data,No data,No data,No data,No data,No data,No data,No data,No data,No data,No data,No data,No data,No data,No data,No data,No data,No data,No data,No data,No data,No data,No data,No data,No data,No data,No data,No data,No data,No data,No data,No data,No data,No data,No data,1273,No data,No data,No data,35,"{""type"":""Point"",""coordinates"":[120.79525497922539,0.9170052134390378]}"
23,No data,No data,1453,No data,No data,1410,No data,1681,No data,1225,No data,904,No data,No data,No data,No data,No data,1563,1835,No data,No data,883,No data,1304,No data,1811,No data,1941,No data,2154,No data,2164,No data,1879,No data,2149,No data,No data,No data,No data,No data,No data,No data,No data,No data,No data,No data,No data,No data,No data,No data,No data,1316,No data,1194,No data,No data,No data,2605,No data,No data,No data,1380,No data,No data,No data,No data,No data,277,No data,317,No data,991,No data,1912,No data,645,No data,849,No data,951,No data,1507,No data,No data,No data,No data,No data,1721,No data,458,No data,No data,No data,No data,No data,No data,No data,No data,No data,1276,No data,No data,No data,854,No data,1248,No data,1666,1815,No data,1767,No data,No data,1884,No data,No data,No data,748,No data,No data,No data,405,No data,No data,No data,No data,No data,No data,No data,1233,No data,1102,No data,No data,No data,36,"{""type"":""Point"",""coordinates"":[120.81415710859092,0.8437867741414566]}"
24,No data,No data,1638,2269,No data,2005,No data,2397,No data,2203,No data,1743,No data,No data,No data,No data,No data,579,1366,No data,No data,1485,No data,1788,No data,2681,No data,2746,No data,2426,No data,2140,No data,1971,No data,No data,No data,No data,No data,No data,No data,No data,No data,1210,No data,No data,No data,No data,No data,No data,No data,No data,No data,No data,1831,No data,No data,No data,2087,No data,No data,No data,1537,No data,No data,No data,No data,No data,1799,No data,1831,No data,1935,No data,2061,No data,1931,No data,1864,No data,1979,No data,1906,No data,No data,No data,No data,No data,1780,No data,1882,No data,No data,No data,No data,No data,1953,No data,No data,No data,1787,No data,No data,No data,849,No data,1325,No data,1068,1787,No data,1176,No data,No data,1785,No data,2216,No data,2276,No data,No data,No data,2088,No data,No data,1359,No data,No data,No data,No data,1704,No data,848,No data,No data,No data,37,"{""type"":""Point"",""coordinates"":[120.77640635907244,0.8980094429513584]}"
25,No data,No data,1610,1787,No data,1857,No data,1510,No data,2357,No data,1707,No data,No data,No data,No data,No data,1193,1603,No data,No data,1958,No data,1981,No data,1906,No data,3009,No data,2767,No data,2341,No data,No data,No data,No data,No data,No data,No data,1425,No data,No data,No data,1828,No data,No data,No data,No data,No data,No data,2532,No data,2199,No data,2262,No data,No data,No data,2046,No data,No data,No data,No data,No data,2361,No data,1818,No data,1909,No data,1956,No data,2207,No data,2203,No data,2003,No data,1908,No data,2123,No data,1988,No data,No data,No data,No data,No data,1899,No data,2264,No data,No data,No data,No data,No data,1627,No data,No data,No data,2285,No data,No data,No data,2021,No data,1785,No data,1925,1826,No data,1972,No data,No data,2409,No data,No data,No data,2210,No data,No data,No data,2327,No data,No data,1748,No data,No data,No data,No data,1960,No data,1923,No data,No data,No data,38,"{""type"":""Point"",""coordinates"":[120.85723648386825,0.8980540339618931]}"
26,No data,No data,No data,No data,No data,No data,No data,No data,No data,No data,No data,No data,No data,No data,No data,No data,No data,No data,No data,No data,No data,No data,No data,No data,No data,No data,No data,No data,No data,No data,No data,No data,No data,No data,No data,No data,No data,No data,No data,No data,No data,No data,No data,No data,No data,No data,No data,No data,No data,No data,No data,No data,No data,No data,No data,No data,No data,No data,No data,No data,No data,No data,No data,No data,No data,No data,No data,No data,No data,No data,No data,No data,No data,No data,No data,No data,No data,No data,No data,No data,No data,No data,No data,No data,No data,No data,No data,No data,No data,No data,No data,No data,No data,No data,No data,No data,No data,No data,No data,No data,No data,No data,No data,No data,No data,No data,No data,No data,No data,No data,No data,No data,No data,No data,No data,No data,No data,No data,No data,No data,No data,No data,No data,No data,No data,No data,No data,No data,No data,No data,No data,No data,No data,No data,No data,No data,39,"{""type"":""Point"",""coordinates"":[120.85703582432085,1.1936924338053545]}"
27,No data,No data,No data,No data,No data,No data,No data,No data,No data,No data,No data,No data,No data,No data,No data,No data,No data,No data,No data,No data,No data,No data,No data,No data,No data,No data,No data,No data,No data,No data,No data,No data,No data,No data,No data,No data,No data,No data,No data,No data,No data,No data,No data,No data,No data,No data,No data,No data,No data,No data,No data,No data,No data,No data,No data,No data,No data,No data,No data,No data,No data,No data,No data,No data,No data,No data,No data,No data,No data,No data,No data,No data,No data,No data,No data,No data,No data,No data,No data,No data,No data,No data,No data,No data,No data,No data,No data,No data,No data,No data,No data,No data,No data,No data,No data,No data,No data,No data,No data,No data,No data,No data,No data,No data,No data,No data,No data,No data,No data,No data,No data,No data,No data,No data,No data,No data,No data,No data,No data,No data,No data,No data,No data,No data,No data,No data,No data,No data,No data,No data,No data,No data,No data,No data,No data,No data,40,"{""type"":""Point"",""coordinates"":[120.81400549915513,1.0824601580271471]}"
28,No data,No data,No data,No data,No data,No data,No data,No data,No data,No data,No data,No data,No data,No data,No data,No data,No data,No data,No data,No data,No data,No data,No data,No data,No data,No data,No data,No data,No data,No data,No data,No data,No data,No data,No data,No data,No data,No data,No data,No data,No data,No data,No data,No data,No data,No data,No data,No data,No data,No data,No data,No data,No data,No data,No data,No data,No data,No data,No data,No data,No data,No data,No data,No data,No data,No data,No data,No data,No data,No data,No data,No data,No data,No data,No data,No data,No data,No data,No data,No data,No data,No data,No data,No data,No data,No data,No data,No data,No data,No data,No data,No data,No data,No data,No data,No data,No data,No data,No data,No data,No data,No data,No data,No data,No data,No data,No data,No data,No data,No data,No data,No data,No data,No data,No data,No data,No data,No data,No data,No data,No data,No data,No data,No data,No data,No data,No data,No data,No data,No data,No data,No data,No data,No data,No data,No data,41,"{""type"":""Point"",""coordinates"":[120.82474747359285,1.1367095814433699]}"
29,No data,No data,No data,No data,No data,No data,No data,No data,No data,No data,No data,No data,No data,No data,No data,No data,No data,No data,No data,No data,No data,No data,No data,No data,No data,No data,No data,No data,No data,No data,No data,No data,No data,No data,No data,No data,No data,No data,No data,No data,No data,No data,No data,No data,No data,No data,No data,No data,No data,No data,No data,No data,No data,No data,No data,No data,No data,No data,No data,No data,No data,No data,No data,No data,No data,No data,No data,No data,No data,No data,No data,No data,No data,No data,No data,No data,No data,No data,No data,No data,No data,No data,No data,No data,No data,No data,No data,No data,No data,No data,No data,No data,No data,No data,No data,No data,No data,No data,No data,No data,No data,No data,No data,No data,No data,No data,No data,No data,No data,No data,No data,No data,No data,No data,No data,No data,No data,No data,No data,No data,No data,No data,No data,No data,No data,No data,No data,No data,No data,No data,No data,No data,No data,No data,No data,No data,42,"{""type"":""Point"",""coordinates"":[120.83016082227174,1.1041670619553217]}"
0000000000000000002a,No data,No data,No data,No data,No data,No data,No data,No data,No data,No data,No data,No data,No data,No data,No data,No data,No data,No data,No data,No data,No data,No data,No data,No data,No data,No data,No data,No data,No data,No data,No data,No data,No data,No data,No data,No data,No data,No data,No data,No data,No data,No data,No data,No data,No data,No data,No data,No data,No data,No data,No data,No data,No data,No data,No data,No data,No data,No data,No data,No data,No data,No data,No data,No data,No data,No data,No data,No data,No data,No data,No data,No data,No data,No data,No data,No data,No data,No data,No data,No data,No data,No data,No data,No data,No data,No data,No data,No data,No data,No data,No data,No data,No data,No data,No data,No data,No data,No data,No data,No data,No data,No data,No data,No data,No data,No data,No data,No data,No data,No data,No data,No data,No data,No data,No data,No data,No data,No data,No data,No data,No data,No data,No data,No data,No data,No data,No data,No data,No data,No data,No data,No data,No data,No data,No data,No data,43,"{""type"":""Point"",""coordinates"":[120.84092955131582,1.1123138395799674]}"
0000000000000000002b,No data,No data,No data,No data,No data,No data,No data,No data,No data,No data,No data,No data,No data,No data,No data,No data,No data,No data,No data,No data,No data,No data,No data,No data,No data,No data,No data,No data,No data,No data,No data,No data,No data,No data,No data,No data,No data,No data,No data,No data,No data,No data,No data,No data,No data,No data,No data,No data,No data,No data,No data,No data,No data,No data,No data,No data,No data,No data,No data,No data,No data,No data,No data,No data,No data,No data,No data,No data,No data,No data,No data,No data,No data,No data,No data,No data,No data,No data,No data,No data,No data,No data,No data,No data,No data,No data,No data,No data,No data,No data,No data,No data,No data,No data,No data,No data,No data,No data,No data,No data,No data,No data,No data,No data,No data,No data,No data,No data,No data,No data,No data,No data,No data,No data,No data,No data,No data,No data,No data,No data,No data,No data,No data,No data,No data,No data,No data,No data,No data,No data,No data,No data,No data,No data,No data,No data,44,"{""type"":""Point"",""coordinates"":[120.82475639179493,1.1231494551398409]}"
0000000000000000002c,No data,No data,No data,No data,No data,No data,No data,No data,No data,No data,No data,No data,No data,No data,No data,No data,No data,No data,No data,No data,No data,No data,No data,No data,No data,No data,No data,No data,No data,No data,No data,No data,No data,No data,No data,No data,No data,No data,No data,No data,No data,No data,No data,No data,No data,No data,No data,No data,No data,No data,No data,No data,No data,No data,No data,No data,No data,No data,No data,No data,No data,No data,No data,No data,No data,No data,No data,No data,No data,No data,No data,No data,No data,No data,No data,No data,No data,No data,No data,No data,No data,No data,No data,No data,No data,No data,No data,No data,No data,No data,No data,No data,No data,No data,No data,No data,No data,No data,No data,No data,No data,No data,No data,No data,No data,No data,No data,No data,No data,No data,No data,No data,No data,No data,No data,No data,No data,No data,No data,No data,No data,No data,No data,No data,No data,No data,No data,No data,No data,No data,No data,No data,No data,No data,No data,No data,45,"{""type"":""Point"",""coordinates"":[120.83818274506687,1.1828300636391604]}"
0000000000000000002d,No data,No data,No data,No data,No data,No data,No data,No data,No data,No data,No data,No data,No data,No data,No data,No data,No data,No data,No data,No data,No data,No data,No data,No data,No data,No data,No data,No data,No data,No data,No data,No data,No data,No data,No data,No data,No data,No data,No data,No data,No data,No data,No data,No data,No data,No data,No data,No data,No data,No data,No data,No data,No data,No data,No data,No data,No data,No data,No data,No data,No data,No data,No data,No data,No data,No data,No data,No data,No data,No data,No data,No data,No data,No data,No data,No data,No data,No data,No data,No data,No data,No data,No data,No data,No data,No data,No data,No data,No data,No data,No data,No data,No data,No data,No data,No data,No data,No data,No data,No data,No data,No data,No data,No data,No data,No data,No data,No data,No data,No data,No data,No data,No data,No data,No data,No data,No data,No data,No data,No data,No data,No data,No data,No data,No data,No data,No data,No data,No data,No data,No data,No data,No data,No data,No data,No data,46,"{""type"":""Point"",""coordinates"":[120.8085876913752,1.1231405369377343]}"
0000000000000000002e,No data,No data,No data,No data,No data,No data,No data,No data,No data,No data,No data,No data,No data,No data,No data,No data,No data,No data,No data,No data,No data,No data,No data,No data,No data,No data,No data,No data,No data,No data,No data,No data,No data,No data,No data,No data,No data,No data,No data,No data,No data,No data,No data,No data,No data,No data,No data,No data,No data,No data,No data,No data,No data,No data,No data,No data,No data,No data,No data,No data,No data,No data,No data,No data,No data,No data,No data,No data,No data,No data,No data,No data,No data,No data,No data,No data,No data,No data,No data,No data,No data,No data,No data,No data,No data,No data,No data,No data,No data,No data,No data,No data,No data,No data,No data,No data,No data,No data,No data,No data,No data,No data,No data,No data,No data,No data,No data,No data,No data,No data,No data,No data,No data,No data,No data,No data,No data,No data,No data,No data,No data,No data,No data,No data,No data,No data,No data,No data,No data,No data,No data,No data,No data,No data,No data,No data,47,"{""type"":""Point"",""coordinates"":[120.80860106867831,1.1041536846521616]}"
0000000000000000002f,No data,No data,No data,No data,No data,No data,No data,No data,No data,No data,No data,No data,No data,No data,No data,No data,No data,No data,No data,No data,No data,No data,No data,No data,No data,No data,No data,No data,No data,No data,No data,No data,No data,No data,No data,No data,No data,No data,No data,No data,No data,No data,No data,No data,No data,No data,No data,No data,No data,No data,No data,No data,No data,No data,No data,No data,No data,No data,No data,No data,No data,No data,No data,No data,No data,No data,No data,No data,No data,No data,No data,No data,No data,No data,No data,No data,No data,No data,No data,No data,No data,No data,No data,No data,No data,No data,No data,No data,No data,No data,No data,No data,No data,No data,No data,No data,No data,No data,No data,No data,No data,No data,No data,No data,No data,No data,No data,No data,No data,No data,No data,No data,No data,No data,No data,No data,No data,No data,No data,No data,No data,No data,No data,No data,No data,No data,No data,No data,No data,No data,No data,No data,No data,No data,No data,No data,48,"{""type"":""Point"",""coordinates"":[121.05370001718202,1.2833560377880442]}"
30,No data,No data,No data,No data,No data,No data,No data,No data,No data,No data,No data,No data,No data,No data,No data,No data,No data,No data,No data,No data,No data,No data,No data,No data,No data,No data,No data,No data,No data,No data,No data,No data,No data,No data,No data,No data,No data,No data,No data,No data,No data,No data,No data,No data,No data,No data,No data,No data,No data,No data,No data,No data,No data,No data,No data,No data,No data,No data,No data,No data,No data,No data,No data,No data,No data,No data,No data,No data,No data,No data,No data,No data,No data,No data,No data,No data,No data,No data,No data,No data,No data,No data,No data,No data,No data,No data,No data,No data,No data,No data,No data,No data,No data,No data,No data,No data,No data,No data,No data,No data,No data,No data,No data,No data,No data,No data,No data,No data,No data,No data,No data,No data,No data,No data,No data,No data,No data,No data,No data,No data,No data,No data,No data,No data,No data,No data,No data,No data,No data,No data,No data,No data,No data,No data,No data,No data,49,"{""type"":""Point"",""coordinates"":[120.97280746497148,1.3294051743669801]}"
31,No data,No data,No data,No data,No data,No data,No data,No data,No data,No data,No data,No data,No data,No data,No data,No data,No data,No data,No data,No data,No data,No data,No data,No data,No data,No data,No data,No data,No data,No data,No data,No data,No data,No data,No data,No data,No data,No data,No data,No data,No data,No data,No data,No data,No data,No data,No data,No data,No data,No data,No data,No data,No data,No data,No data,No data,No data,No data,No data,No data,No data,No data,No data,No data,No data,No data,No data,No data,No data,No data,No data,No data,No data,No data,No data,No data,No data,No data,No data,No data,No data,No data,No data,No data,No data,No data,No data,No data,No data,No data,No data,No data,No data,No data,No data,No data,No data,No data,No data,No data,No data,No data,No data,No data,No data,No data,No data,No data,No data,No data,No data,No data,No data,No data,No data,No data,No data,No data,No data,No data,No data,No data,No data,No data,No data,No data,No data,No data,No data,No data,No data,No data,No data,No data,No data,No data,50,"{""type"":""Point"",""coordinates"":[121.05908215215355,1.2914983563116367]}"
32,No data,No data,No data,No data,No data,No data,No data,No data,No data,No data,No data,No data,No data,No data,No data,No data,No data,No data,No data,No data,No data,No data,No data,No data,No data,No data,No data,No data,No data,No data,No data,No data,No data,No data,No data,No data,No data,No data,No data,No data,No data,No data,No data,No data,No data,No data,No data,No data,No data,No data,No data,No data,No data,No data,No data,No data,No data,No data,No data,No data,No data,No data,No data,No data,No data,No data,No data,No data,No data,No data,No data,No data,No data,No data,No data,No data,No data,No data,No data,No data,No data,No data,No data,No data,No data,No data,No data,No data,No data,No data,No data,No data,No data,No data,No data,No data,No data,No data,No data,No data,No data,No data,No data,No data,No data,No data,No data,No data,No data,No data,No data,No data,No data,No data,No data,No data,No data,No data,No data,No data,No data,No data,No data,No data,No data,No data,No data,No data,No data,No data,No data,No data,No data,No data,No data,No data,51,"{""type"":""Point"",""coordinates"":[120.8327604781859,1.2262215759902426]}"
33,No data,No data,No data,No data,No data,No data,No data,No data,No data,No data,No data,No data,No data,No data,No data,No data,No data,No data,No data,No data,No data,No data,No data,No data,No data,No data,No data,No data,No data,No data,No data,No data,No data,No data,No data,No data,No data,No data,No data,No data,No data,No data,No data,No data,No data,No data,No data,No data,No data,No data,No data,No data,No data,No data,No data,No data,No data,No data,No data,No data,No data,No data,No data,No data,No data,No data,No data,No data,No data,No data,No data,No data,No data,No data,No data,No data,No data,No data,No data,No data,No data,No data,No data,No data,No data,No data,No data,No data,No data,No data,No data,No data,No data,No data,No data,No data,No data,No data,No data,No data,No data,No data,No data,No data,No data,No data,No data,No data,No data,No data,No data,No data,No data,No data,No data,No data,No data,No data,No data,No data,No data,No data,No data,No data,No data,No data,No data,No data,No data,No data,No data,No data,No data,No data,No data,No data,52,"{""type"":""Point"",""coordinates"":[120.82466720977389,1.2370616506511694]}"
34,No data,No data,No data,No data,No data,No data,No data,No data,No data,No data,No data,No data,No data,No data,No data,No data,No data,No data,No data,No data,No data,No data,No data,No data,No data,No data,No data,No data,No data,No data,No data,No data,No data,No data,No data,No data,No data,No data,No data,No data,No data,No data,No data,No data,No data,No data,No data,No data,No data,No data,No data,No data,No data,No data,No data,No data,No data,No data,No data,No data,No data,No data,No data,No data,No data,No data,No data,No data,No data,No data,No data,No data,No data,No data,No data,No data,No data,No data,No data,No data,No data,No data,No data,No data,No data,No data,No data,No data,No data,No data,No data,No data,No data,No data,No data,No data,No data,No data,No data,No data,No data,No data,No data,No data,No data,No data,No data,No data,No data,No data,No data,No data,No data,No data,No data,No data,No data,No data,No data,No data,No data,No data,No data,No data,No data,No data,No data,No data,No data,No data,No data,No data,No data,No data,No data,No data,53,"{""type"":""Point"",""coordinates"":[120.82466275067287,1.2424883766332129]}"
