system:index,1/3/2018,1/10/2018,1/19/2018,2/4/2018,2/11/2018,2/20/2018,2/27/2018,3/8/2018,3/15/2018,3/24/2018,3/31/2018,4/9/2018,4/16/2018,4/25/2018,5/2/2018,5/11/2018,5/18/2018,5/27/2018,6/12/2018,6/19/2018,6/28/2018,7/14/2018,7/21/2018,7/30/2018,8/6/2018,8/15/2018,8/22/2018,8/31/2018,9/7/2018,9/16/2018,9/23/2018,10/2/2018,10/9/2018,10/18/2018,10/25/2018,11/3/2018,11/10/2018,11/19/2018,11/26/2018,12/5/2018,12/12/2018,12/21/2018,12/28/2018,1/6/2019,1/13/2019,1/22/2019,2/7/2019,2/14/2019,2/23/2019,3/2/2019,3/11/2019,3/18/2019,3/27/2019,4/3/2019,4/12/2019,4/19/2019,4/28/2019,5/5/2019,5/14/2019,5/21/2019,5/30/2019,6/6/2019,6/15/2019,6/22/2019,7/1/2019,7/8/2019,7/17/2019,7/24/2019,8/2/2019,8/9/2019,8/18/2019,8/25/2019,9/3/2019,9/10/2019,9/19/2019,9/26/2019,10/5/2019,10/12/2019,10/21/2019,10/28/2019,11/6/2019,11/13/2019,11/22/2019,11/29/2019,12/8/2019,12/15/2019,12/24/2019,12/31/2019,1/9/2020,1/16/2020,1/25/2020,2/1/2020,2/10/2020,2/17/2020,2/26/2020,3/4/2020,3/13/2020,3/20/2020,3/29/2020,4/5/2020,4/14/2020,4/21/2020,4/30/2020,5/7/2020,5/16/2020,5/23/2020,6/1/2020,6/8/2020,6/17/2020,7/3/2020,7/10/2020,7/19/2020,8/4/2020,8/11/2020,8/20/2020,8/27/2020,9/5/2020,9/12/2020,9/21/2020,9/28/2020,10/7/2020,10/14/2020,10/23/2020,10/30/2020,11/15/2020,11/24/2020,12/1/2020,12/10/2020,12/26/2020,1/2/2021,1/11/2021,1/18/2021,1/27/2021,2/3/2021,2/12/2021,2/19/2021,ID,.geo
0,No data,No data,798,No data,No data,446,No data,474,No data,No data,No data,No data,No data,No data,No data,No data,No data,854,No data,No data,2403,No data,No data,463,No data,521,No data,466,No data,632,No data,778,No data,833,No data,No data,No data,No data,No data,709,No data,No data,No data,No data,No data,No data,No data,No data,572,No data,615,No data,660,No data,1256,No data,No data,No data,No data,No data,No data,No data,No data,No data,No data,No data,No data,No data,537,No data,560,No data,531,No data,616,No data,671,No data,784,No data,625,No data,447,No data,No data,No data,No data,No data,934,No data,445,No data,No data,No data,No data,No data,No data,No data,1464,No data,871,No data,No data,No data,731,No data,No data,No data,453,No data,No data,473,No data,No data,600,No data,No data,No data,725,No data,No data,No data,862,No data,No data,No data,No data,No data,No data,No data,448,No data,458,No data,No data,No data,1,"{""type"":""Point"",""coordinates"":[120.18928098246627,0.7485002437303718]}"
1,No data,No data,No data,No data,No data,517,No data,573,No data,No data,No data,No data,574,No data,529,No data,No data,No data,No data,No data,6426,No data,602,599,494,1336,414,527,409,No data,487,656,No data,No data,508,No data,No data,No data,495,811,No data,No data,No data,No data,450,No data,819,418,No data,394,No data,401,600,No data,No data,538,No data,No data,403,No data,No data,No data,No data,No data,No data,500,No data,No data,No data,496,No data,No data,No data,543,No data,No data,No data,608,638,No data,707,No data,1047,No data,No data,No data,No data,No data,No data,No data,323,No data,No data,578,No data,No data,No data,No data,No data,536,650,No data,No data,No data,No data,No data,No data,No data,509,No data,No data,1397,No data,No data,883,No data,No data,No data,837,No data,No data,No data,No data,509,No data,No data,No data,No data,No data,2790,No data,No data,550,No data,No data,No data,2,"{""type"":""Point"",""coordinates"":[120.22701835468159,0.6915931960862954]}"
2,No data,No data,526,526,No data,393,No data,464,No data,No data,No data,No data,No data,No data,No data,No data,No data,906,No data,No data,2589,993,No data,486,No data,441,No data,518,No data,729,No data,1077,No data,771,No data,No data,No data,No data,No data,671,No data,No data,No data,No data,No data,No data,No data,No data,524,No data,945,No data,1049,No data,1104,No data,No data,No data,No data,No data,No data,No data,No data,No data,No data,No data,No data,No data,620,No data,517,No data,573,No data,727,No data,809,No data,698,No data,776,No data,653,No data,No data,No data,No data,No data,909,No data,653,No data,No data,No data,No data,No data,No data,No data,No data,No data,862,No data,No data,No data,655,No data,851,No data,760,No data,No data,473,No data,No data,553,No data,No data,No data,964,No data,No data,No data,797,No data,No data,No data,No data,No data,No data,No data,469,No data,433,No data,No data,No data,3,"{""type"":""Point"",""coordinates"":[120.20543184648186,0.756642562253964]}"
3,No data,No data,747,No data,No data,406,No data,470,No data,No data,No data,No data,No data,No data,No data,No data,No data,No data,1143,No data,4682,896,No data,711,No data,735,No data,703,No data,743,No data,733,No data,582,No data,No data,No data,No data,No data,488,No data,No data,No data,No data,No data,No data,No data,No data,514,No data,678,No data,640,No data,No data,No data,No data,No data,478,No data,No data,No data,612,No data,No data,No data,No data,No data,470,No data,384,No data,473,No data,682,No data,1001,No data,548,No data,597,No data,469,No data,No data,No data,No data,No data,1065,No data,734,No data,No data,No data,No data,No data,No data,No data,716,No data,1151,No data,No data,No data,466,No data,645,No data,752,No data,No data,532,No data,No data,455,No data,No data,No data,670,No data,No data,No data,686,No data,No data,No data,No data,No data,No data,No data,484,No data,524,No data,No data,No data,4,"{""type"":""Point"",""coordinates"":[120.23773803361411,0.7783539252831918]}"
4,No data,No data,No data,No data,No data,495,631,530,No data,No data,No data,No data,478,No data,416,No data,No data,No data,No data,413,2207,No data,No data,525,442,487,443,512,445,No data,470,629,554,611,462,No data,No data,No data,1607,No data,No data,No data,No data,No data,481,No data,852,480,No data,454,No data,440,567,No data,No data,547,No data,No data,No data,527,No data,No data,No data,No data,No data,400,No data,No data,617,441,792,No data,548,439,640,536,No data,No data,No data,No data,637,416,633,No data,No data,No data,No data,No data,No data,No data,No data,No data,No data,500,No data,No data,No data,No data,No data,486,544,No data,No data,145,545,No data,543,No data,440,No data,No data,462,No data,No data,574,493,No data,No data,No data,No data,No data,No data,709,443,657,No data,No data,No data,No data,5518,No data,No data,No data,No data,No data,No data,5,"{""type"":""Point"",""coordinates"":[120.25396470234759,0.6617885646450632]}"
5,No data,No data,692,No data,No data,507,No data,479,No data,No data,No data,No data,No data,No data,No data,No data,No data,851,No data,No data,3383,No data,No data,473,No data,431,No data,535,No data,940,No data,958,No data,450,No data,No data,No data,No data,No data,581,No data,No data,No data,No data,No data,No data,1072,No data,507,No data,678,No data,1039,No data,766,No data,No data,No data,No data,No data,No data,No data,936,No data,No data,No data,No data,No data,433,No data,572,No data,984,No data,733,No data,796,No data,591,No data,581,No data,683,No data,No data,No data,No data,No data,782,No data,No data,No data,No data,No data,No data,No data,No data,No data,1346,No data,790,No data,No data,No data,786,No data,937,No data,761,529,No data,462,No data,No data,565,No data,No data,No data,912,No data,No data,No data,818,No data,No data,No data,No data,No data,No data,No data,421,No data,424,No data,No data,No data,6,"{""type"":""Point"",""coordinates"":[120.17581895638592,0.7457801920877697]}"
6,No data,No data,868,724,No data,655,No data,621,No data,No data,No data,No data,No data,No data,No data,No data,No data,676,No data,No data,3222,No data,No data,670,No data,475,No data,487,No data,556,No data,536,No data,606,No data,No data,No data,No data,No data,609,No data,No data,No data,No data,No data,No data,No data,No data,480,No data,No data,No data,634,No data,1299,No data,No data,No data,695,No data,No data,No data,No data,No data,No data,No data,No data,No data,535,No data,425,No data,469,No data,651,No data,695,No data,No data,No data,657,No data,625,No data,No data,No data,No data,No data,753,No data,No data,No data,No data,No data,No data,No data,No data,792,802,No data,885,No data,No data,No data,686,No data,703,No data,770,No data,No data,434,No data,No data,474,No data,No data,No data,714,No data,No data,No data,543,No data,No data,No data,No data,No data,No data,No data,460,No data,446,No data,No data,No data,7,"{""type"":""Point"",""coordinates"":[120.2188849543601,0.7783405479800314]}"
7,No data,No data,392,No data,No data,461,No data,716,No data,No data,No data,No data,No data,No data,No data,No data,No data,757,No data,No data,2377,No data,No data,448,No data,444,No data,555,No data,733,No data,832,No data,855,No data,No data,No data,No data,No data,703,No data,No data,No data,No data,No data,No data,835,No data,519,No data,No data,No data,795,No data,938,No data,No data,No data,No data,No data,No data,No data,865,No data,No data,No data,No data,No data,531,No data,608,No data,1058,No data,813,No data,739,No data,717,No data,655,No data,696,No data,No data,No data,No data,No data,695,No data,No data,No data,No data,No data,No data,No data,No data,No data,1161,No data,988,No data,No data,No data,768,No data,692,No data,621,509,No data,444,No data,No data,556,No data,640,No data,1149,No data,No data,No data,862,No data,No data,No data,No data,No data,No data,No data,361,No data,436,No data,No data,No data,8,"{""type"":""Point"",""coordinates"":[120.15427258009568,0.7457668147846093]}"
8,No data,No data,767,No data,No data,608,No data,592,No data,992,No data,571,No data,No data,No data,No data,No data,703,956,No data,608,626,No data,662,No data,No data,No data,742,No data,893,No data,968,No data,941,No data,No data,No data,No data,No data,698,No data,No data,No data,No data,No data,No data,No data,No data,No data,No data,No data,No data,809,No data,648,No data,No data,No data,652,No data,No data,No data,2764,No data,No data,No data,No data,No data,715,No data,755,No data,806,No data,917,No data,856,No data,588,No data,595,No data,642,No data,No data,No data,No data,No data,No data,No data,501,No data,No data,No data,No data,No data,477,No data,1335,No data,618,No data,No data,No data,788,No data,574,No data,588,914,No data,868,No data,No data,522,No data,484,No data,514,No data,No data,No data,788,No data,No data,No data,No data,No data,No data,No data,550,No data,710,No data,No data,No data,9,"{""type"":""Point"",""coordinates"":[120.32387002956243,0.8516124964902543]}"
9,No data,No data,687,756,No data,600,No data,633,No data,1157,No data,702,No data,No data,No data,No data,No data,615,No data,No data,844,600,No data,623,No data,No data,No data,655,No data,731,No data,726,No data,666,No data,No data,No data,No data,No data,632,No data,No data,No data,No data,No data,No data,No data,No data,748,No data,No data,No data,678,No data,743,No data,No data,No data,644,No data,No data,No data,2596,No data,No data,No data,No data,No data,628,No data,762,No data,668,No data,684,No data,706,No data,721,No data,691,No data,667,No data,No data,No data,No data,No data,1046,No data,639,No data,No data,No data,No data,No data,712,No data,762,No data,698,No data,No data,No data,638,No data,744,No data,593,699,No data,547,No data,No data,571,No data,598,No data,578,No data,No data,No data,603,No data,No data,No data,No data,No data,No data,No data,No data,No data,850,No data,No data,No data,10,"{""type"":""Point"",""coordinates"":[120.31850127189412,0.8272078364247449]}"
0000000000000000000a,No data,No data,1020,No data,No data,663,No data,No data,No data,No data,No data,No data,No data,No data,No data,No data,No data,680,No data,No data,8471,582,No data,897,No data,940,No data,1094,No data,1269,No data,1264,No data,945,No data,No data,No data,No data,No data,690,No data,No data,No data,No data,No data,No data,1035,No data,No data,No data,1281,No data,1046,No data,No data,No data,No data,No data,819,No data,No data,No data,2508,No data,No data,No data,734,No data,702,No data,No data,No data,865,No data,940,No data,No data,No data,823,No data,1662,No data,940,No data,No data,No data,1026,No data,No data,No data,774,No data,No data,No data,No data,No data,777,762,962,No data,884,No data,No data,No data,734,No data,761,No data,781,No data,No data,693,No data,No data,781,No data,789,No data,848,No data,No data,No data,821,No data,No data,985,No data,No data,No data,No data,726,No data,769,No data,No data,No data,11,"{""type"":""Point"",""coordinates"":[120.2995456333159,0.9681733980273295]}"
0000000000000000000b,No data,No data,818,797,No data,372,No data,484,No data,590,No data,715,No data,No data,No data,No data,No data,411,No data,No data,No data,574,No data,685,No data,684,No data,676,No data,725,No data,717,No data,657,No data,No data,No data,No data,No data,617,No data,No data,No data,No data,No data,No data,805,No data,788,No data,536,No data,435,No data,No data,No data,No data,No data,562,No data,No data,No data,1179,No data,No data,No data,No data,No data,583,No data,575,No data,585,No data,555,No data,362,No data,No data,No data,449,No data,419,No data,No data,No data,No data,No data,No data,No data,404,No data,No data,No data,No data,No data,No data,No data,968,No data,735,No data,No data,No data,445,No data,431,No data,354,No data,No data,456,No data,No data,643,No data,758,No data,No data,No data,No data,No data,584,No data,No data,No data,No data,No data,No data,No data,423,No data,464,No data,No data,No data,12,"{""type"":""Point"",""coordinates"":[120.43165542022633,0.7784743210116348]}"
0000000000000000000c,No data,No data,492,No data,No data,344,No data,586,No data,1019,No data,901,No data,No data,No data,No data,No data,565,No data,No data,441,487,No data,364,No data,533,No data,455,No data,631,No data,982,No data,632,No data,No data,No data,No data,No data,457,No data,No data,No data,No data,No data,No data,1009,No data,465,No data,No data,No data,418,No data,623,No data,No data,No data,800,No data,No data,No data,1026,No data,No data,No data,No data,No data,524,No data,592,No data,494,No data,494,No data,412,No data,411,No data,563,No data,993,No data,No data,No data,No data,No data,No data,No data,552,No data,No data,No data,No data,No data,436,No data,547,No data,560,No data,No data,No data,714,No data,443,No data,494,750,No data,701,No data,No data,593,No data,393,No data,517,No data,No data,No data,501,No data,No data,No data,No data,No data,No data,No data,381,No data,599,No data,No data,No data,13,"{""type"":""Point"",""coordinates"":[120.34004764818435,0.82451008028741]}"
0000000000000000000d,No data,No data,864,665,No data,453,No data,462,No data,466,No data,684,No data,No data,No data,No data,No data,614,No data,No data,No data,552,No data,554,No data,544,No data,646,No data,762,No data,711,No data,558,No data,No data,No data,No data,No data,601,No data,No data,No data,No data,No data,No data,No data,No data,476,No data,465,No data,496,No data,826,No data,No data,No data,643,No data,No data,No data,1394,No data,No data,No data,No data,No data,537,No data,535,No data,575,No data,628,No data,585,No data,No data,No data,603,No data,592,No data,No data,No data,No data,No data,No data,No data,542,No data,No data,No data,No data,No data,No data,No data,692,No data,901,No data,No data,No data,520,No data,547,No data,548,No data,No data,522,No data,No data,564,No data,No data,No data,No data,No data,No data,No data,629,No data,No data,No data,No data,622,No data,No data,390,No data,405,No data,No data,No data,14,"{""type"":""Point"",""coordinates"":[120.4478241206461,0.7703498388922565]}"
0000000000000000000e,No data,No data,868,No data,No data,384,No data,480,No data,599,No data,543,No data,No data,No data,No data,No data,554,No data,No data,733,502,No data,511,No data,499,No data,502,No data,552,No data,532,No data,477,No data,No data,No data,No data,No data,379,No data,No data,No data,No data,No data,No data,No data,No data,543,No data,562,No data,510,No data,594,No data,No data,No data,555,No data,No data,No data,1087,No data,No data,No data,No data,No data,512,No data,506,No data,514,No data,518,No data,506,No data,482,No data,495,No data,409,No data,No data,No data,No data,No data,No data,No data,383,No data,No data,No data,No data,No data,No data,No data,No data,No data,483,No data,No data,No data,523,No data,589,No data,504,659,No data,490,873,No data,450,No data,540,No data,477,No data,No data,No data,413,No data,No data,680,No data,No data,No data,No data,326,No data,No data,No data,No data,No data,15,"{""type"":""Point"",""coordinates"":[120.50977887068272,0.7649632448196939]}"
0000000000000000000f,No data,No data,No data,576,No data,534,No data,594,No data,681,No data,659,No data,No data,No data,No data,No data,632,No data,No data,2734,628,No data,632,No data,654,No data,612,No data,648,No data,645,No data,650,No data,No data,No data,No data,No data,641,No data,No data,No data,No data,No data,No data,885,No data,482,No data,751,No data,473,No data,565,No data,No data,No data,No data,No data,No data,No data,998,No data,No data,No data,No data,No data,553,No data,581,No data,651,No data,708,No data,641,No data,No data,No data,633,No data,595,No data,No data,No data,No data,No data,No data,No data,538,No data,No data,No data,No data,No data,No data,No data,No data,No data,599,No data,No data,No data,583,No data,587,No data,620,No data,No data,610,No data,No data,589,No data,682,No data,No data,No data,No data,No data,616,No data,No data,No data,No data,608,No data,No data,566,No data,No data,No data,No data,No data,16,"{""type"":""Point"",""coordinates"":[120.45860622699337,0.7540874973503394]}"
10,No data,No data,534,No data,No data,399,No data,424,No data,697,No data,665,No data,No data,No data,No data,No data,317,668,No data,2504,502,No data,393,No data,502,No data,416,No data,632,No data,650,No data,645,No data,No data,No data,No data,No data,468,No data,No data,No data,No data,No data,No data,921,No data,409,No data,No data,No data,446,No data,603,No data,No data,No data,609,No data,No data,No data,2137,No data,No data,No data,No data,No data,281,No data,488,No data,503,No data,477,No data,359,No data,368,No data,546,No data,834,No data,No data,No data,No data,No data,No data,No data,285,No data,No data,No data,No data,No data,379,No data,483,No data,475,No data,No data,No data,533,No data,449,No data,378,539,No data,569,No data,No data,441,No data,481,No data,425,No data,No data,No data,490,No data,No data,No data,No data,No data,No data,No data,287,No data,447,No data,No data,No data,17,"{""type"":""Point"",""coordinates"":[120.3454342422569,0.8272256728289589]}"
11,No data,No data,740,552,No data,673,No data,852,No data,1094,No data,885,No data,No data,No data,No data,No data,974,1116,No data,794,457,No data,441,No data,617,No data,973,No data,611,No data,637,No data,753,No data,No data,No data,No data,No data,1022,No data,No data,No data,No data,No data,No data,No data,No data,850,No data,1125,No data,551,No data,957,No data,No data,No data,1058,No data,No data,No data,1177,No data,No data,No data,No data,No data,426,No data,671,No data,1080,No data,941,No data,728,No data,782,No data,919,No data,843,No data,No data,No data,No data,No data,No data,No data,584,No data,No data,No data,No data,No data,No data,No data,No data,No data,632,No data,No data,No data,832,No data,1112,No data,876,666,No data,482,472,No data,521,No data,686,No data,986,No data,No data,No data,1089,No data,No data,No data,No data,855,No data,No data,517,No data,No data,No data,No data,No data,18,"{""type"":""Point"",""coordinates"":[120.52324089676306,0.7731100224443396]}"
12,No data,No data,930,926,No data,710,No data,554,No data,603,No data,711,No data,No data,No data,No data,No data,591,No data,No data,1058,743,No data,765,No data,827,No data,811,No data,890,No data,839,No data,724,No data,No data,No data,No data,No data,728,No data,No data,No data,No data,No data,No data,1047,No data,633,No data,630,No data,519,No data,No data,No data,No data,No data,1098,No data,No data,No data,560,No data,No data,No data,No data,No data,797,No data,851,No data,898,No data,895,No data,696,No data,No data,No data,724,No data,636,No data,No data,No data,No data,No data,No data,No data,690,No data,No data,No data,No data,No data,No data,No data,No data,No data,599,No data,No data,No data,543,No data,634,No data,575,No data,No data,689,No data,No data,778,No data,827,No data,649,No data,No data,No data,823,No data,No data,No data,No data,652,No data,No data,709,No data,No data,No data,No data,No data,19,"{""type"":""Point"",""coordinates"":[120.4666771999001,0.7730743496359119]}"
13,No data,No data,669,580,No data,596,No data,626,No data,560,No data,659,No data,No data,No data,No data,No data,745,558,No data,1547,728,No data,682,No data,649,No data,677,No data,717,No data,649,No data,559,No data,No data,No data,No data,No data,559,No data,No data,No data,No data,No data,No data,No data,No data,960,No data,735,No data,462,No data,935,No data,No data,No data,565,No data,No data,No data,1351,No data,No data,No data,No data,No data,707,No data,825,No data,909,No data,962,No data,939,No data,752,No data,691,No data,596,No data,No data,No data,No data,No data,No data,No data,No data,No data,No data,No data,No data,No data,No data,No data,No data,No data,758,No data,No data,No data,709,No data,662,No data,671,701,No data,600,670,No data,563,No data,497,No data,528,No data,No data,No data,552,No data,No data,No data,No data,No data,No data,No data,516,No data,No data,No data,No data,No data,20,"{""type"":""Point"",""coordinates"":[120.53940067898074,0.7785412075274366]}"
14,No data,No data,554,390,No data,525,No data,563,No data,628,No data,584,No data,No data,No data,No data,No data,512,717,No data,No data,455,No data,495,No data,522,No data,509,No data,586,No data,542,No data,523,No data,No data,No data,No data,No data,464,No data,No data,No data,No data,No data,No data,No data,No data,No data,No data,No data,No data,555,No data,No data,No data,No data,No data,328,No data,No data,No data,908,No data,No data,No data,No data,No data,496,No data,510,No data,533,No data,581,No data,533,No data,555,No data,546,No data,524,No data,No data,No data,No data,No data,934,No data,481,No data,No data,No data,No data,No data,No data,No data,1203,No data,562,No data,No data,No data,505,No data,508,No data,472,379,No data,409,No data,No data,535,No data,550,No data,719,No data,No data,No data,492,No data,No data,No data,No data,599,No data,No data,435,No data,495,No data,No data,No data,21,"{""type"":""Point"",""coordinates"":[120.71176723020169,0.8627111990122811]}"
15,No data,No data,696,623,No data,613,No data,593,No data,653,No data,602,No data,No data,No data,No data,No data,561,598,No data,No data,505,No data,578,No data,523,No data,528,No data,611,No data,581,No data,585,No data,No data,No data,No data,No data,No data,No data,No data,No data,No data,No data,No data,No data,No data,No data,No data,No data,No data,568,No data,555,No data,No data,No data,657,No data,No data,No data,887,No data,No data,No data,No data,No data,540,No data,551,No data,570,No data,585,No data,601,No data,590,No data,574,No data,559,No data,No data,No data,No data,No data,1006,No data,557,No data,No data,No data,No data,No data,No data,No data,No data,No data,580,No data,No data,No data,568,No data,593,No data,554,419,No data,555,No data,No data,589,No data,643,No data,640,No data,No data,No data,599,No data,No data,No data,No data,670,No data,No data,564,No data,628,No data,No data,No data,22,"{""type"":""Point"",""coordinates"":[120.72254041834682,0.8708535175358733]}"
16,No data,No data,573,420,No data,382,No data,528,No data,661,No data,639,No data,No data,No data,No data,No data,608,683,No data,No data,534,No data,598,No data,532,No data,547,No data,599,No data,588,No data,574,No data,No data,No data,No data,No data,No data,No data,No data,No data,No data,No data,No data,No data,No data,No data,No data,No data,No data,807,No data,No data,No data,No data,No data,No data,No data,No data,No data,875,No data,No data,No data,No data,No data,627,No data,606,No data,650,No data,688,No data,636,No data,617,No data,612,No data,626,No data,No data,No data,No data,No data,999,No data,563,No data,No data,No data,No data,No data,No data,No data,No data,No data,671,No data,No data,No data,642,No data,645,No data,629,438,No data,527,No data,No data,588,No data,614,No data,583,No data,No data,No data,574,No data,No data,No data,No data,714,No data,No data,572,No data,660,No data,No data,No data,23,"{""type"":""Point"",""coordinates"":[120.71176277110067,0.8708490584348196]}"
17,No data,No data,818,No data,No data,698,No data,693,No data,668,No data,540,No data,No data,No data,No data,No data,736,744,No data,No data,556,No data,607,No data,595,No data,633,No data,742,No data,678,No data,642,No data,No data,No data,No data,No data,No data,No data,No data,No data,No data,No data,No data,No data,No data,No data,No data,No data,No data,No data,No data,No data,No data,No data,No data,677,No data,No data,No data,944,No data,No data,No data,No data,No data,616,No data,640,No data,713,No data,827,No data,703,No data,647,No data,609,No data,645,No data,No data,No data,No data,No data,1017,No data,573,No data,No data,No data,No data,No data,No data,No data,No data,No data,640,No data,No data,No data,516,No data,561,No data,530,573,No data,432,No data,No data,653,No data,730,No data,633,No data,No data,No data,598,No data,No data,No data,No data,535,No data,No data,624,No data,663,No data,No data,No data,24,"{""type"":""Point"",""coordinates"":[120.71175385289852,0.8816935921968001]}"
18,No data,No data,540,570,No data,612,No data,576,No data,711,No data,694,No data,No data,No data,No data,No data,521,849,No data,No data,598,No data,569,No data,542,No data,559,No data,652,No data,598,No data,664,No data,No data,No data,No data,No data,No data,No data,No data,No data,No data,No data,No data,No data,No data,No data,No data,773,No data,454,No data,916,No data,No data,No data,530,No data,No data,No data,958,No data,No data,No data,No data,No data,395,No data,403,No data,480,No data,612,No data,446,No data,414,No data,533,No data,488,No data,No data,No data,No data,No data,1093,No data,497,No data,No data,No data,No data,No data,No data,No data,841,No data,608,No data,No data,No data,492,No data,566,No data,529,522,No data,521,No data,No data,548,No data,719,No data,No data,No data,No data,No data,750,No data,No data,No data,No data,667,No data,No data,594,No data,608,No data,No data,No data,25,"{""type"":""Point"",""coordinates"":[120.72257609115526,0.8030528860182286]}"
19,No data,No data,532,No data,No data,630,No data,795,No data,983,No data,891,No data,No data,No data,No data,No data,760,985,No data,No data,934,No data,689,No data,598,No data,568,No data,682,No data,706,No data,631,No data,No data,No data,No data,No data,No data,No data,No data,No data,No data,No data,No data,No data,No data,No data,No data,No data,No data,869,No data,1004,No data,No data,No data,425,No data,No data,No data,1438,No data,No data,No data,No data,No data,667,No data,711,No data,851,No data,869,No data,627,No data,653,No data,642,No data,677,No data,No data,No data,No data,No data,1022,No data,629,No data,No data,No data,No data,No data,No data,No data,No data,No data,702,No data,No data,No data,791,No data,776,No data,749,780,No data,608,No data,No data,750,No data,No data,No data,937,No data,No data,No data,1048,No data,No data,No data,No data,664,No data,No data,632,No data,650,No data,No data,No data,26,"{""type"":""Point"",""coordinates"":[120.75220235855434,0.8193419821664664]}"
0000000000000000001a,No data,No data,648,699,No data,529,No data,559,No data,671,No data,701,No data,No data,No data,No data,No data,646,874,No data,No data,664,No data,565,No data,593,No data,440,No data,708,No data,513,No data,607,No data,No data,No data,No data,No data,No data,No data,No data,No data,No data,No data,No data,No data,No data,No data,No data,755,No data,646,No data,623,No data,No data,No data,728,No data,No data,No data,1160,No data,No data,No data,No data,No data,659,No data,626,No data,640,No data,649,No data,624,No data,618,No data,634,No data,595,No data,No data,No data,No data,No data,1108,No data,579,No data,No data,No data,No data,No data,No data,No data,958,No data,665,No data,No data,No data,607,No data,629,No data,565,589,No data,574,No data,No data,600,No data,1000,No data,No data,No data,No data,No data,605,No data,No data,No data,No data,688,No data,No data,583,No data,699,No data,No data,No data,27,"{""type"":""Point"",""coordinates"":[120.72796268522781,0.8057684785597771]}"
0000000000000000001b,No data,No data,595,No data,No data,777,No data,1112,No data,845,No data,803,No data,No data,No data,No data,No data,470,791,No data,No data,604,No data,687,No data,925,No data,732,No data,672,No data,508,No data,533,No data,No data,No data,No data,No data,No data,No data,No data,No data,No data,No data,No data,No data,No data,No data,No data,No data,No data,814,No data,656,No data,No data,No data,346,No data,No data,No data,1539,No data,No data,No data,No data,No data,520,No data,447,No data,637,No data,538,No data,462,No data,501,No data,566,No data,590,No data,No data,No data,No data,No data,No data,No data,516,No data,No data,No data,No data,No data,No data,No data,No data,No data,620,No data,No data,No data,520,No data,588,No data,493,516,No data,409,316,No data,508,No data,No data,No data,440,No data,No data,No data,586,No data,No data,No data,No data,390,No data,No data,644,No data,610,No data,No data,No data,28,"{""type"":""Point"",""coordinates"":[120.75490011469168,0.8193419821664664]}"
0000000000000000001c,No data,No data,No data,No data,No data,No data,No data,No data,No data,No data,No data,No data,No data,No data,No data,No data,No data,No data,No data,No data,No data,No data,No data,No data,No data,No data,No data,No data,No data,No data,No data,No data,No data,No data,No data,No data,No data,No data,No data,No data,No data,No data,No data,No data,No data,No data,No data,No data,No data,No data,No data,No data,No data,No data,No data,No data,No data,No data,No data,No data,No data,No data,No data,No data,No data,No data,No data,No data,No data,No data,No data,No data,No data,No data,No data,No data,No data,No data,No data,No data,No data,No data,No data,No data,No data,No data,No data,No data,No data,No data,No data,No data,No data,No data,No data,No data,No data,No data,No data,No data,No data,No data,No data,No data,No data,No data,No data,No data,No data,No data,No data,No data,No data,No data,No data,No data,No data,No data,No data,No data,No data,No data,No data,No data,No data,No data,No data,No data,No data,No data,No data,No data,No data,No data,No data,No data,29,"{""type"":""Point"",""coordinates"":[120.8248500329171,0.9875392739024449]}"
0000000000000000001d,No data,No data,No data,No data,No data,No data,No data,No data,No data,No data,No data,No data,No data,No data,No data,No data,No data,No data,No data,No data,No data,No data,No data,No data,No data,No data,No data,No data,No data,No data,No data,No data,No data,No data,No data,No data,No data,No data,No data,No data,No data,No data,No data,No data,No data,No data,No data,No data,No data,No data,No data,No data,No data,No data,No data,No data,No data,No data,No data,No data,No data,No data,No data,No data,No data,No data,No data,No data,No data,No data,No data,No data,No data,No data,No data,No data,No data,No data,No data,No data,No data,No data,No data,No data,No data,No data,No data,No data,No data,No data,No data,No data,No data,No data,No data,No data,No data,No data,No data,No data,No data,No data,No data,No data,No data,No data,No data,No data,No data,No data,No data,No data,No data,No data,No data,No data,No data,No data,No data,No data,No data,No data,No data,No data,No data,No data,No data,No data,No data,No data,No data,No data,No data,No data,No data,No data,30,"{""type"":""Point"",""coordinates"":[120.77365063462142,0.992930327076061]}"
0000000000000000001e,No data,No data,544,664,No data,621,No data,601,No data,660,No data,677,No data,No data,No data,No data,No data,700,983,No data,No data,685,No data,661,No data,630,No data,632,No data,675,No data,654,No data,637,No data,683,No data,No data,No data,686,No data,No data,No data,670,No data,No data,No data,No data,No data,No data,782,No data,634,No data,663,No data,No data,No data,641,No data,No data,No data,818,No data,1065,No data,995,No data,613,No data,630,No data,641,No data,684,No data,681,No data,671,No data,653,No data,684,No data,No data,No data,No data,No data,921,No data,629,No data,No data,No data,No data,No data,624,No data,No data,No data,738,No data,No data,No data,659,No data,648,No data,624,596,No data,551,No data,No data,636,No data,No data,No data,641,No data,No data,No data,650,No data,No data,761,No data,No data,No data,No data,622,No data,632,No data,No data,No data,31,"{""type"":""Point"",""coordinates"":[120.85454764593305,0.8953429005213978]}"
0000000000000000001f,No data,No data,No data,No data,No data,No data,No data,No data,No data,No data,No data,No data,No data,No data,No data,No data,No data,No data,No data,No data,No data,No data,No data,No data,No data,No data,No data,No data,No data,No data,No data,No data,No data,No data,No data,No data,No data,No data,No data,No data,No data,No data,No data,No data,No data,No data,No data,No data,No data,No data,No data,No data,No data,No data,No data,No data,No data,No data,No data,No data,No data,No data,No data,No data,No data,No data,No data,No data,No data,No data,No data,No data,No data,No data,No data,No data,No data,No data,No data,No data,No data,No data,No data,No data,No data,No data,No data,No data,No data,No data,No data,No data,No data,No data,No data,No data,No data,No data,No data,No data,No data,No data,No data,No data,No data,No data,No data,No data,No data,No data,No data,No data,No data,No data,No data,No data,No data,No data,No data,No data,No data,No data,No data,No data,No data,No data,No data,No data,No data,No data,No data,No data,No data,No data,No data,No data,32,"{""type"":""Point"",""coordinates"":[120.81949911165299,0.9251564501647372]}"
20,No data,No data,641,No data,No data,600,No data,690,No data,787,No data,700,No data,No data,No data,No data,No data,567,655,No data,No data,584,No data,582,No data,619,No data,589,No data,812,No data,649,No data,694,No data,No data,No data,No data,No data,No data,No data,No data,No data,No data,No data,No data,No data,No data,No data,No data,825,No data,679,No data,686,No data,No data,No data,No data,No data,No data,No data,1140,No data,No data,No data,No data,No data,630,No data,644,No data,678,No data,717,No data,679,No data,671,No data,677,No data,674,No data,No data,No data,No data,No data,1025,No data,578,No data,No data,No data,No data,No data,No data,No data,No data,No data,748,No data,No data,No data,597,No data,611,No data,521,554,No data,566,No data,No data,608,No data,No data,No data,666,No data,No data,No data,617,No data,No data,No data,No data,634,No data,No data,551,No data,619,No data,No data,No data,33,"{""type"":""Point"",""coordinates"":[120.78183754415554,0.8274932188921654]}"
21,No data,No data,No data,No data,No data,No data,No data,No data,No data,No data,No data,No data,No data,No data,No data,No data,No data,No data,No data,No data,No data,No data,No data,No data,No data,No data,No data,No data,No data,No data,No data,No data,No data,No data,No data,No data,No data,No data,No data,No data,No data,No data,No data,No data,No data,No data,No data,No data,No data,No data,No data,No data,No data,No data,No data,No data,No data,No data,No data,No data,No data,No data,No data,No data,No data,No data,No data,No data,No data,No data,No data,No data,No data,No data,No data,No data,No data,No data,No data,No data,No data,No data,No data,No data,No data,No data,No data,No data,No data,No data,No data,No data,No data,No data,No data,No data,No data,No data,No data,No data,No data,No data,No data,No data,No data,No data,No data,No data,No data,No data,No data,No data,No data,No data,No data,No data,No data,No data,No data,No data,No data,No data,No data,No data,No data,No data,No data,No data,No data,No data,No data,No data,No data,No data,No data,No data,34,"{""type"":""Point"",""coordinates"":[120.8437566213837,0.9143208346048636]}"
22,No data,No data,No data,858,No data,No data,No data,No data,No data,No data,No data,No data,No data,No data,No data,No data,No data,No data,No data,No data,No data,No data,No data,No data,No data,No data,No data,No data,No data,No data,No data,No data,No data,No data,No data,No data,No data,No data,No data,No data,No data,No data,No data,No data,No data,No data,No data,No data,No data,No data,No data,No data,No data,No data,No data,No data,No data,No data,No data,No data,No data,No data,No data,No data,No data,No data,No data,No data,No data,No data,No data,No data,No data,No data,No data,No data,No data,No data,No data,No data,No data,No data,No data,No data,No data,No data,No data,No data,1086,No data,553,No data,No data,No data,No data,No data,No data,No data,No data,No data,No data,No data,No data,No data,No data,No data,No data,No data,No data,No data,No data,No data,No data,No data,No data,No data,No data,No data,No data,No data,No data,No data,No data,No data,No data,No data,No data,No data,No data,No data,No data,No data,498,No data,No data,No data,35,"{""type"":""Point"",""coordinates"":[120.79525497922539,0.9170052134390378]}"
23,No data,No data,719,No data,No data,648,No data,709,No data,715,No data,686,No data,No data,No data,No data,No data,796,925,No data,No data,456,No data,573,No data,625,No data,649,No data,784,No data,709,No data,651,No data,691,No data,No data,No data,No data,No data,No data,No data,No data,No data,No data,No data,No data,No data,No data,No data,No data,435,No data,547,No data,No data,No data,757,No data,No data,No data,807,No data,No data,No data,No data,No data,489,No data,474,No data,690,No data,716,No data,465,No data,457,No data,454,No data,533,No data,No data,No data,No data,No data,1114,No data,511,No data,No data,No data,No data,No data,No data,No data,No data,No data,602,No data,No data,No data,424,No data,529,No data,566,708,No data,733,No data,No data,671,No data,No data,No data,718,No data,No data,No data,736,No data,No data,No data,No data,No data,No data,No data,442,No data,440,No data,No data,No data,36,"{""type"":""Point"",""coordinates"":[120.81415710859092,0.8437867741414566]}"
24,No data,No data,590,989,No data,697,No data,813,No data,785,No data,724,No data,No data,No data,No data,No data,460,721,No data,No data,448,No data,583,No data,758,No data,806,No data,827,No data,702,No data,645,No data,No data,No data,No data,No data,No data,No data,No data,No data,500,No data,No data,No data,No data,No data,No data,No data,No data,No data,No data,578,No data,No data,No data,630,No data,No data,No data,1112,No data,No data,No data,No data,No data,636,No data,665,No data,673,No data,723,No data,661,No data,664,No data,668,No data,713,No data,No data,No data,No data,No data,1057,No data,633,No data,No data,No data,No data,No data,611,No data,No data,No data,627,No data,No data,No data,404,No data,529,No data,464,826,No data,454,No data,No data,576,No data,680,No data,665,No data,No data,No data,667,No data,No data,814,No data,No data,No data,No data,633,No data,442,No data,No data,No data,37,"{""type"":""Point"",""coordinates"":[120.77640635907244,0.8980094429513584]}"
25,No data,No data,597,664,No data,635,No data,674,No data,1163,No data,796,No data,No data,No data,No data,No data,435,882,No data,No data,652,No data,654,No data,694,No data,865,No data,870,No data,788,No data,No data,No data,No data,No data,No data,No data,755,No data,No data,No data,664,No data,No data,No data,No data,No data,No data,731,No data,638,No data,751,No data,No data,No data,707,No data,No data,No data,No data,No data,1139,No data,1057,No data,641,No data,696,No data,710,No data,748,No data,679,No data,659,No data,662,No data,714,No data,No data,No data,No data,No data,976,No data,736,No data,No data,No data,No data,No data,602,No data,No data,No data,788,No data,No data,No data,696,No data,654,No data,683,661,No data,672,No data,No data,731,No data,No data,No data,697,No data,No data,No data,645,No data,No data,740,No data,No data,No data,No data,663,No data,684,No data,No data,No data,38,"{""type"":""Point"",""coordinates"":[120.85723648386825,0.8980540339618931]}"
26,No data,No data,No data,No data,No data,No data,No data,No data,No data,No data,No data,No data,No data,No data,No data,No data,No data,No data,No data,No data,No data,No data,No data,No data,No data,No data,No data,No data,No data,No data,No data,No data,No data,No data,No data,No data,No data,No data,No data,No data,No data,No data,No data,No data,No data,No data,No data,No data,No data,No data,No data,No data,No data,No data,No data,No data,No data,No data,No data,No data,No data,No data,No data,No data,No data,No data,No data,No data,No data,No data,No data,No data,No data,No data,No data,No data,No data,No data,No data,No data,No data,No data,No data,No data,No data,No data,No data,No data,No data,No data,No data,No data,No data,No data,No data,No data,No data,No data,No data,No data,No data,No data,No data,No data,No data,No data,No data,No data,No data,No data,No data,No data,No data,No data,No data,No data,No data,No data,No data,No data,No data,No data,No data,No data,No data,No data,No data,No data,No data,No data,No data,No data,No data,No data,No data,No data,39,"{""type"":""Point"",""coordinates"":[120.85703582432085,1.1936924338053545]}"
27,No data,No data,No data,No data,No data,No data,No data,No data,No data,No data,No data,No data,No data,No data,No data,No data,No data,No data,No data,No data,No data,No data,No data,No data,No data,No data,No data,No data,No data,No data,No data,No data,No data,No data,No data,No data,No data,No data,No data,No data,No data,No data,No data,No data,No data,No data,No data,No data,No data,No data,No data,No data,No data,No data,No data,No data,No data,No data,No data,No data,No data,No data,No data,No data,No data,No data,No data,No data,No data,No data,No data,No data,No data,No data,No data,No data,No data,No data,No data,No data,No data,No data,No data,No data,No data,No data,No data,No data,No data,No data,No data,No data,No data,No data,No data,No data,No data,No data,No data,No data,No data,No data,No data,No data,No data,No data,No data,No data,No data,No data,No data,No data,No data,No data,No data,No data,No data,No data,No data,No data,No data,No data,No data,No data,No data,No data,No data,No data,No data,No data,No data,No data,No data,No data,No data,No data,40,"{""type"":""Point"",""coordinates"":[120.81400549915513,1.0824601580271471]}"
28,No data,No data,No data,No data,No data,No data,No data,No data,No data,No data,No data,No data,No data,No data,No data,No data,No data,No data,No data,No data,No data,No data,No data,No data,No data,No data,No data,No data,No data,No data,No data,No data,No data,No data,No data,No data,No data,No data,No data,No data,No data,No data,No data,No data,No data,No data,No data,No data,No data,No data,No data,No data,No data,No data,No data,No data,No data,No data,No data,No data,No data,No data,No data,No data,No data,No data,No data,No data,No data,No data,No data,No data,No data,No data,No data,No data,No data,No data,No data,No data,No data,No data,No data,No data,No data,No data,No data,No data,No data,No data,No data,No data,No data,No data,No data,No data,No data,No data,No data,No data,No data,No data,No data,No data,No data,No data,No data,No data,No data,No data,No data,No data,No data,No data,No data,No data,No data,No data,No data,No data,No data,No data,No data,No data,No data,No data,No data,No data,No data,No data,No data,No data,No data,No data,No data,No data,41,"{""type"":""Point"",""coordinates"":[120.82474747359285,1.1367095814433699]}"
29,No data,No data,No data,No data,No data,No data,No data,No data,No data,No data,No data,No data,No data,No data,No data,No data,No data,No data,No data,No data,No data,No data,No data,No data,No data,No data,No data,No data,No data,No data,No data,No data,No data,No data,No data,No data,No data,No data,No data,No data,No data,No data,No data,No data,No data,No data,No data,No data,No data,No data,No data,No data,No data,No data,No data,No data,No data,No data,No data,No data,No data,No data,No data,No data,No data,No data,No data,No data,No data,No data,No data,No data,No data,No data,No data,No data,No data,No data,No data,No data,No data,No data,No data,No data,No data,No data,No data,No data,No data,No data,No data,No data,No data,No data,No data,No data,No data,No data,No data,No data,No data,No data,No data,No data,No data,No data,No data,No data,No data,No data,No data,No data,No data,No data,No data,No data,No data,No data,No data,No data,No data,No data,No data,No data,No data,No data,No data,No data,No data,No data,No data,No data,No data,No data,No data,No data,42,"{""type"":""Point"",""coordinates"":[120.83016082227174,1.1041670619553217]}"
0000000000000000002a,No data,No data,No data,No data,No data,No data,No data,No data,No data,No data,No data,No data,No data,No data,No data,No data,No data,No data,No data,No data,No data,No data,No data,No data,No data,No data,No data,No data,No data,No data,No data,No data,No data,No data,No data,No data,No data,No data,No data,No data,No data,No data,No data,No data,No data,No data,No data,No data,No data,No data,No data,No data,No data,No data,No data,No data,No data,No data,No data,No data,No data,No data,No data,No data,No data,No data,No data,No data,No data,No data,No data,No data,No data,No data,No data,No data,No data,No data,No data,No data,No data,No data,No data,No data,No data,No data,No data,No data,No data,No data,No data,No data,No data,No data,No data,No data,No data,No data,No data,No data,No data,No data,No data,No data,No data,No data,No data,No data,No data,No data,No data,No data,No data,No data,No data,No data,No data,No data,No data,No data,No data,No data,No data,No data,No data,No data,No data,No data,No data,No data,No data,No data,No data,No data,No data,No data,43,"{""type"":""Point"",""coordinates"":[120.84092955131582,1.1123138395799674]}"
0000000000000000002b,No data,No data,No data,No data,No data,No data,No data,No data,No data,No data,No data,No data,No data,No data,No data,No data,No data,No data,No data,No data,No data,No data,No data,No data,No data,No data,No data,No data,No data,No data,No data,No data,No data,No data,No data,No data,No data,No data,No data,No data,No data,No data,No data,No data,No data,No data,No data,No data,No data,No data,No data,No data,No data,No data,No data,No data,No data,No data,No data,No data,No data,No data,No data,No data,No data,No data,No data,No data,No data,No data,No data,No data,No data,No data,No data,No data,No data,No data,No data,No data,No data,No data,No data,No data,No data,No data,No data,No data,No data,No data,No data,No data,No data,No data,No data,No data,No data,No data,No data,No data,No data,No data,No data,No data,No data,No data,No data,No data,No data,No data,No data,No data,No data,No data,No data,No data,No data,No data,No data,No data,No data,No data,No data,No data,No data,No data,No data,No data,No data,No data,No data,No data,No data,No data,No data,No data,44,"{""type"":""Point"",""coordinates"":[120.82475639179493,1.1231494551398409]}"
0000000000000000002c,No data,No data,No data,No data,No data,No data,No data,No data,No data,No data,No data,No data,No data,No data,No data,No data,No data,No data,No data,No data,No data,No data,No data,No data,No data,No data,No data,No data,No data,No data,No data,No data,No data,No data,No data,No data,No data,No data,No data,No data,No data,No data,No data,No data,No data,No data,No data,No data,No data,No data,No data,No data,No data,No data,No data,No data,No data,No data,No data,No data,No data,No data,No data,No data,No data,No data,No data,No data,No data,No data,No data,No data,No data,No data,No data,No data,No data,No data,No data,No data,No data,No data,No data,No data,No data,No data,No data,No data,No data,No data,No data,No data,No data,No data,No data,No data,No data,No data,No data,No data,No data,No data,No data,No data,No data,No data,No data,No data,No data,No data,No data,No data,No data,No data,No data,No data,No data,No data,No data,No data,No data,No data,No data,No data,No data,No data,No data,No data,No data,No data,No data,No data,No data,No data,No data,No data,45,"{""type"":""Point"",""coordinates"":[120.83818274506687,1.1828300636391604]}"
0000000000000000002d,No data,No data,No data,No data,No data,No data,No data,No data,No data,No data,No data,No data,No data,No data,No data,No data,No data,No data,No data,No data,No data,No data,No data,No data,No data,No data,No data,No data,No data,No data,No data,No data,No data,No data,No data,No data,No data,No data,No data,No data,No data,No data,No data,No data,No data,No data,No data,No data,No data,No data,No data,No data,No data,No data,No data,No data,No data,No data,No data,No data,No data,No data,No data,No data,No data,No data,No data,No data,No data,No data,No data,No data,No data,No data,No data,No data,No data,No data,No data,No data,No data,No data,No data,No data,No data,No data,No data,No data,No data,No data,No data,No data,No data,No data,No data,No data,No data,No data,No data,No data,No data,No data,No data,No data,No data,No data,No data,No data,No data,No data,No data,No data,No data,No data,No data,No data,No data,No data,No data,No data,No data,No data,No data,No data,No data,No data,No data,No data,No data,No data,No data,No data,No data,No data,No data,No data,46,"{""type"":""Point"",""coordinates"":[120.8085876913752,1.1231405369377343]}"
0000000000000000002e,No data,No data,No data,No data,No data,No data,No data,No data,No data,No data,No data,No data,No data,No data,No data,No data,No data,No data,No data,No data,No data,No data,No data,No data,No data,No data,No data,No data,No data,No data,No data,No data,No data,No data,No data,No data,No data,No data,No data,No data,No data,No data,No data,No data,No data,No data,No data,No data,No data,No data,No data,No data,No data,No data,No data,No data,No data,No data,No data,No data,No data,No data,No data,No data,No data,No data,No data,No data,No data,No data,No data,No data,No data,No data,No data,No data,No data,No data,No data,No data,No data,No data,No data,No data,No data,No data,No data,No data,No data,No data,No data,No data,No data,No data,No data,No data,No data,No data,No data,No data,No data,No data,No data,No data,No data,No data,No data,No data,No data,No data,No data,No data,No data,No data,No data,No data,No data,No data,No data,No data,No data,No data,No data,No data,No data,No data,No data,No data,No data,No data,No data,No data,No data,No data,No data,No data,47,"{""type"":""Point"",""coordinates"":[120.80860106867831,1.1041536846521616]}"
0000000000000000002f,No data,No data,No data,No data,No data,No data,No data,No data,No data,No data,No data,No data,No data,No data,No data,No data,No data,No data,No data,No data,No data,No data,No data,No data,No data,No data,No data,No data,No data,No data,No data,No data,No data,No data,No data,No data,No data,No data,No data,No data,No data,No data,No data,No data,No data,No data,No data,No data,No data,No data,No data,No data,No data,No data,No data,No data,No data,No data,No data,No data,No data,No data,No data,No data,No data,No data,No data,No data,No data,No data,No data,No data,No data,No data,No data,No data,No data,No data,No data,No data,No data,No data,No data,No data,No data,No data,No data,No data,No data,No data,No data,No data,No data,No data,No data,No data,No data,No data,No data,No data,No data,No data,No data,No data,No data,No data,No data,No data,No data,No data,No data,No data,No data,No data,No data,No data,No data,No data,No data,No data,No data,No data,No data,No data,No data,No data,No data,No data,No data,No data,No data,No data,No data,No data,No data,No data,48,"{""type"":""Point"",""coordinates"":[121.05370001718202,1.2833560377880442]}"
30,No data,No data,No data,No data,No data,No data,No data,No data,No data,No data,No data,No data,No data,No data,No data,No data,No data,No data,No data,No data,No data,No data,No data,No data,No data,No data,No data,No data,No data,No data,No data,No data,No data,No data,No data,No data,No data,No data,No data,No data,No data,No data,No data,No data,No data,No data,No data,No data,No data,No data,No data,No data,No data,No data,No data,No data,No data,No data,No data,No data,No data,No data,No data,No data,No data,No data,No data,No data,No data,No data,No data,No data,No data,No data,No data,No data,No data,No data,No data,No data,No data,No data,No data,No data,No data,No data,No data,No data,No data,No data,No data,No data,No data,No data,No data,No data,No data,No data,No data,No data,No data,No data,No data,No data,No data,No data,No data,No data,No data,No data,No data,No data,No data,No data,No data,No data,No data,No data,No data,No data,No data,No data,No data,No data,No data,No data,No data,No data,No data,No data,No data,No data,No data,No data,No data,No data,49,"{""type"":""Point"",""coordinates"":[120.97280746497148,1.3294051743669801]}"
31,No data,No data,No data,No data,No data,No data,No data,No data,No data,No data,No data,No data,No data,No data,No data,No data,No data,No data,No data,No data,No data,No data,No data,No data,No data,No data,No data,No data,No data,No data,No data,No data,No data,No data,No data,No data,No data,No data,No data,No data,No data,No data,No data,No data,No data,No data,No data,No data,No data,No data,No data,No data,No data,No data,No data,No data,No data,No data,No data,No data,No data,No data,No data,No data,No data,No data,No data,No data,No data,No data,No data,No data,No data,No data,No data,No data,No data,No data,No data,No data,No data,No data,No data,No data,No data,No data,No data,No data,No data,No data,No data,No data,No data,No data,No data,No data,No data,No data,No data,No data,No data,No data,No data,No data,No data,No data,No data,No data,No data,No data,No data,No data,No data,No data,No data,No data,No data,No data,No data,No data,No data,No data,No data,No data,No data,No data,No data,No data,No data,No data,No data,No data,No data,No data,No data,No data,50,"{""type"":""Point"",""coordinates"":[121.05908215215355,1.2914983563116367]}"
32,No data,No data,No data,No data,No data,No data,No data,No data,No data,No data,No data,No data,No data,No data,No data,No data,No data,No data,No data,No data,No data,No data,No data,No data,No data,No data,No data,No data,No data,No data,No data,No data,No data,No data,No data,No data,No data,No data,No data,No data,No data,No data,No data,No data,No data,No data,No data,No data,No data,No data,No data,No data,No data,No data,No data,No data,No data,No data,No data,No data,No data,No data,No data,No data,No data,No data,No data,No data,No data,No data,No data,No data,No data,No data,No data,No data,No data,No data,No data,No data,No data,No data,No data,No data,No data,No data,No data,No data,No data,No data,No data,No data,No data,No data,No data,No data,No data,No data,No data,No data,No data,No data,No data,No data,No data,No data,No data,No data,No data,No data,No data,No data,No data,No data,No data,No data,No data,No data,No data,No data,No data,No data,No data,No data,No data,No data,No data,No data,No data,No data,No data,No data,No data,No data,No data,No data,51,"{""type"":""Point"",""coordinates"":[120.8327604781859,1.2262215759902426]}"
33,No data,No data,No data,No data,No data,No data,No data,No data,No data,No data,No data,No data,No data,No data,No data,No data,No data,No data,No data,No data,No data,No data,No data,No data,No data,No data,No data,No data,No data,No data,No data,No data,No data,No data,No data,No data,No data,No data,No data,No data,No data,No data,No data,No data,No data,No data,No data,No data,No data,No data,No data,No data,No data,No data,No data,No data,No data,No data,No data,No data,No data,No data,No data,No data,No data,No data,No data,No data,No data,No data,No data,No data,No data,No data,No data,No data,No data,No data,No data,No data,No data,No data,No data,No data,No data,No data,No data,No data,No data,No data,No data,No data,No data,No data,No data,No data,No data,No data,No data,No data,No data,No data,No data,No data,No data,No data,No data,No data,No data,No data,No data,No data,No data,No data,No data,No data,No data,No data,No data,No data,No data,No data,No data,No data,No data,No data,No data,No data,No data,No data,No data,No data,No data,No data,No data,No data,52,"{""type"":""Point"",""coordinates"":[120.82466720977389,1.2370616506511694]}"
34,No data,No data,No data,No data,No data,No data,No data,No data,No data,No data,No data,No data,No data,No data,No data,No data,No data,No data,No data,No data,No data,No data,No data,No data,No data,No data,No data,No data,No data,No data,No data,No data,No data,No data,No data,No data,No data,No data,No data,No data,No data,No data,No data,No data,No data,No data,No data,No data,No data,No data,No data,No data,No data,No data,No data,No data,No data,No data,No data,No data,No data,No data,No data,No data,No data,No data,No data,No data,No data,No data,No data,No data,No data,No data,No data,No data,No data,No data,No data,No data,No data,No data,No data,No data,No data,No data,No data,No data,No data,No data,No data,No data,No data,No data,No data,No data,No data,No data,No data,No data,No data,No data,No data,No data,No data,No data,No data,No data,No data,No data,No data,No data,No data,No data,No data,No data,No data,No data,No data,No data,No data,No data,No data,No data,No data,No data,No data,No data,No data,No data,No data,No data,No data,No data,No data,No data,53,"{""type"":""Point"",""coordinates"":[120.82466275067287,1.2424883766332129]}"
