system:index,1/3/2018,1/10/2018,1/19/2018,2/4/2018,2/11/2018,2/20/2018,2/27/2018,3/8/2018,3/15/2018,3/24/2018,3/31/2018,4/9/2018,4/16/2018,4/25/2018,5/2/2018,5/11/2018,5/18/2018,5/27/2018,6/12/2018,6/19/2018,6/28/2018,7/14/2018,7/21/2018,7/30/2018,8/6/2018,8/15/2018,8/22/2018,8/31/2018,9/7/2018,9/16/2018,9/23/2018,10/2/2018,10/9/2018,10/18/2018,10/25/2018,11/3/2018,11/10/2018,11/19/2018,11/26/2018,12/5/2018,12/12/2018,12/21/2018,12/28/2018,1/6/2019,1/13/2019,1/22/2019,2/7/2019,2/14/2019,2/23/2019,3/2/2019,3/11/2019,3/18/2019,3/27/2019,4/3/2019,4/12/2019,4/19/2019,4/28/2019,5/5/2019,5/14/2019,5/21/2019,5/30/2019,6/6/2019,6/15/2019,6/22/2019,7/1/2019,7/8/2019,7/17/2019,7/24/2019,8/2/2019,8/9/2019,8/18/2019,8/25/2019,9/3/2019,9/10/2019,9/19/2019,9/26/2019,10/5/2019,10/12/2019,10/21/2019,10/28/2019,11/6/2019,11/13/2019,11/22/2019,11/29/2019,12/8/2019,12/15/2019,12/24/2019,12/31/2019,1/9/2020,1/16/2020,1/25/2020,2/1/2020,2/10/2020,2/17/2020,2/26/2020,3/4/2020,3/13/2020,3/20/2020,3/29/2020,4/5/2020,4/14/2020,4/21/2020,4/30/2020,5/7/2020,5/16/2020,5/23/2020,6/1/2020,6/8/2020,6/17/2020,7/3/2020,7/10/2020,7/19/2020,8/4/2020,8/11/2020,8/20/2020,8/27/2020,9/5/2020,9/12/2020,9/21/2020,9/28/2020,10/7/2020,10/14/2020,10/23/2020,10/30/2020,11/15/2020,11/24/2020,12/1/2020,12/10/2020,12/26/2020,1/2/2021,1/11/2021,1/18/2021,1/27/2021,2/3/2021,2/12/2021,2/19/2021,ID,.geo
0,No data,No data,457,No data,No data,637,No data,577,No data,No data,No data,No data,No data,No data,No data,No data,No data,430,No data,No data,1784,No data,No data,338,No data,701,No data,779,No data,933,No data,1528,No data,1615,No data,No data,No data,No data,No data,873,No data,No data,No data,No data,No data,No data,No data,No data,688,No data,730,No data,819,No data,2133,No data,No data,No data,No data,No data,No data,No data,No data,No data,No data,No data,No data,No data,671,No data,733,No data,717,No data,879,No data,949,No data,1322,No data,1115,No data,468,No data,No data,No data,No data,No data,573,No data,594,No data,No data,No data,No data,No data,No data,No data,1692,No data,1870,No data,No data,No data,198,No data,No data,No data,311,No data,No data,655,No data,No data,749,No data,No data,No data,698,No data,No data,No data,680,No data,No data,No data,No data,No data,No data,No data,680,No data,603,No data,No data,No data,1,"{""type"":""Point"",""coordinates"":[120.18928098246627,0.7485002437303718]}"
1,No data,No data,No data,No data,No data,928,No data,978,No data,No data,No data,No data,659,No data,634,No data,No data,No data,No data,No data,2390,No data,599,722,797,1232,931,993,681,No data,797,984,No data,No data,659,No data,No data,No data,1081,834,No data,No data,No data,No data,632,No data,941,877,No data,789,No data,679,875,No data,No data,667,No data,No data,341,No data,No data,No data,No data,No data,No data,574,No data,No data,No data,605,No data,No data,No data,660,No data,No data,No data,667,760,No data,850,No data,1163,No data,No data,No data,No data,No data,No data,No data,536,No data,No data,852,No data,No data,No data,No data,No data,640,782,No data,No data,No data,No data,No data,No data,No data,921,No data,No data,1587,No data,No data,1002,No data,No data,No data,914,No data,No data,No data,No data,559,No data,No data,No data,No data,No data,1866,No data,No data,721,No data,No data,No data,2,"{""type"":""Point"",""coordinates"":[120.22701835468159,0.6915931960862954]}"
2,No data,No data,391,527,No data,500,No data,615,No data,No data,No data,No data,No data,No data,No data,No data,No data,556,No data,No data,1875,901,No data,620,No data,589,No data,639,No data,900,No data,2181,No data,1475,No data,No data,No data,No data,No data,180,No data,No data,No data,No data,No data,No data,No data,No data,547,No data,1028,No data,1669,No data,2048,No data,No data,No data,No data,No data,No data,No data,No data,No data,No data,No data,No data,No data,733,No data,523,No data,715,No data,836,No data,1037,No data,760,No data,1490,No data,493,No data,No data,No data,No data,No data,634,No data,642,No data,No data,No data,No data,No data,No data,No data,No data,No data,1950,No data,No data,No data,418,No data,414,No data,633,No data,No data,628,No data,No data,649,No data,No data,No data,1388,No data,No data,No data,1432,No data,No data,No data,No data,No data,No data,No data,469,No data,520,No data,No data,No data,3,"{""type"":""Point"",""coordinates"":[120.20543184648186,0.756642562253964]}"
3,No data,No data,663,No data,No data,529,No data,598,No data,No data,No data,No data,No data,No data,No data,No data,No data,No data,1521,No data,2723,1407,No data,1213,No data,1325,No data,1365,No data,1426,No data,1552,No data,957,No data,No data,No data,No data,No data,158,No data,No data,No data,No data,No data,No data,No data,No data,614,No data,1065,No data,687,No data,No data,No data,No data,No data,301,No data,No data,No data,1362,No data,No data,No data,No data,No data,592,No data,495,No data,552,No data,731,No data,1641,No data,570,No data,705,No data,507,No data,No data,No data,No data,No data,1128,No data,625,No data,No data,No data,No data,No data,No data,No data,660,No data,1862,No data,No data,No data,474,No data,357,No data,267,No data,No data,639,No data,No data,699,No data,No data,No data,913,No data,No data,No data,603,No data,No data,No data,No data,No data,No data,No data,486,No data,652,No data,No data,No data,4,"{""type"":""Point"",""coordinates"":[120.23773803361411,0.7783539252831918]}"
4,No data,No data,No data,No data,No data,781,943,825,No data,No data,No data,No data,582,No data,633,No data,No data,No data,No data,667,1249,No data,No data,762,704,739,658,731,704,No data,699,922,826,942,727,No data,No data,No data,2281,No data,No data,No data,No data,No data,687,No data,916,896,No data,843,No data,745,916,No data,No data,834,No data,No data,No data,1020,No data,No data,No data,No data,No data,793,No data,No data,889,757,1094,No data,1054,886,1126,999,No data,No data,No data,No data,1025,805,1001,No data,No data,No data,No data,No data,No data,No data,No data,No data,No data,734,No data,No data,No data,No data,No data,676,793,No data,No data,163,744,No data,769,No data,668,No data,No data,689,No data,No data,821,704,No data,No data,No data,No data,No data,No data,1006,739,934,No data,No data,No data,No data,2656,No data,No data,No data,No data,No data,No data,5,"{""type"":""Point"",""coordinates"":[120.25396470234759,0.6617885646450632]}"
5,No data,No data,271,No data,No data,406,No data,549,No data,No data,No data,No data,No data,No data,No data,No data,No data,367,No data,No data,2125,No data,No data,662,No data,652,No data,907,No data,2090,No data,2230,No data,420,No data,No data,No data,No data,No data,210,No data,No data,No data,No data,No data,No data,878,No data,551,No data,773,No data,1646,No data,1079,No data,No data,No data,No data,No data,No data,No data,1713,No data,No data,No data,No data,No data,556,No data,721,No data,1318,No data,1474,No data,602,No data,326,No data,296,No data,132,No data,No data,No data,No data,No data,791,No data,No data,No data,No data,No data,No data,No data,No data,No data,1393,No data,1412,No data,No data,No data,217,No data,354,No data,441,619,No data,627,No data,No data,679,No data,No data,No data,1109,No data,No data,No data,812,No data,No data,No data,No data,No data,No data,No data,518,No data,566,No data,No data,No data,6,"{""type"":""Point"",""coordinates"":[120.17581895638592,0.7457801920877697]}"
6,No data,No data,618,311,No data,889,No data,755,No data,No data,No data,No data,No data,No data,No data,No data,No data,879,No data,No data,2301,No data,No data,708,No data,492,No data,606,No data,760,No data,655,No data,733,No data,No data,No data,No data,No data,489,No data,No data,No data,No data,No data,No data,No data,No data,540,No data,No data,No data,741,No data,2239,No data,No data,No data,956,No data,No data,No data,No data,No data,No data,No data,No data,No data,683,No data,573,No data,571,No data,711,No data,782,No data,No data,No data,910,No data,451,No data,No data,No data,No data,No data,800,No data,No data,No data,No data,No data,No data,No data,No data,915,848,No data,1732,No data,No data,No data,183,No data,134,No data,792,No data,No data,612,No data,No data,660,No data,No data,No data,822,No data,No data,No data,574,No data,No data,No data,No data,No data,No data,No data,508,No data,559,No data,No data,No data,7,"{""type"":""Point"",""coordinates"":[120.2188849543601,0.7783405479800314]}"
7,No data,No data,452,No data,No data,563,No data,823,No data,No data,No data,No data,No data,No data,No data,No data,No data,420,No data,No data,1498,No data,No data,545,No data,658,No data,943,No data,1376,No data,1722,No data,1385,No data,No data,No data,No data,No data,217,No data,No data,No data,No data,No data,No data,655,No data,501,No data,No data,No data,1218,No data,602,No data,No data,No data,No data,No data,No data,No data,1190,No data,No data,No data,No data,No data,595,No data,893,No data,2211,No data,740,No data,612,No data,606,No data,164,No data,560,No data,No data,No data,No data,No data,690,No data,No data,No data,No data,No data,No data,No data,No data,No data,2002,No data,1813,No data,No data,No data,487,No data,336,No data,275,458,No data,607,No data,No data,753,No data,941,No data,2321,No data,No data,No data,288,No data,No data,No data,No data,No data,No data,No data,521,No data,541,No data,No data,No data,8,"{""type"":""Point"",""coordinates"":[120.15427258009568,0.7457668147846093]}"
8,No data,No data,423,No data,No data,543,No data,732,No data,788,No data,715,No data,No data,No data,No data,No data,978,1237,No data,601,820,No data,1108,No data,No data,No data,1572,No data,1995,No data,2323,No data,2310,No data,No data,No data,No data,No data,1231,No data,No data,No data,No data,No data,No data,No data,No data,No data,No data,No data,No data,1616,No data,1045,No data,No data,No data,995,No data,No data,No data,2439,No data,No data,No data,No data,No data,1127,No data,1523,No data,1717,No data,2188,No data,1936,No data,714,No data,779,No data,974,No data,No data,No data,No data,No data,No data,No data,361,No data,No data,No data,No data,No data,668,No data,1441,No data,734,No data,No data,No data,959,No data,624,No data,178,164,No data,945,No data,No data,660,No data,613,No data,667,No data,No data,No data,900,No data,No data,No data,No data,No data,No data,No data,708,No data,848,No data,No data,No data,9,"{""type"":""Point"",""coordinates"":[120.32387002956243,0.8516124964902543]}"
9,No data,No data,899,1040,No data,896,No data,872,No data,1019,No data,956,No data,No data,No data,No data,No data,805,No data,No data,851,745,No data,805,No data,No data,No data,1095,No data,1374,No data,1584,No data,1317,No data,No data,No data,No data,No data,889,No data,No data,No data,No data,No data,No data,No data,No data,920,No data,No data,No data,953,No data,934,No data,No data,No data,749,No data,No data,No data,2383,No data,No data,No data,No data,No data,822,No data,1139,No data,1016,No data,1191,No data,1113,No data,894,No data,864,No data,839,No data,No data,No data,No data,No data,884,No data,792,No data,No data,No data,No data,No data,812,No data,926,No data,1009,No data,No data,No data,762,No data,865,No data,728,974,No data,672,No data,No data,777,No data,725,No data,766,No data,No data,No data,814,No data,No data,No data,No data,No data,No data,No data,No data,No data,1067,No data,No data,No data,10,"{""type"":""Point"",""coordinates"":[120.31850127189412,0.8272078364247449]}"
0000000000000000000a,No data,No data,1286,No data,No data,914,No data,No data,No data,No data,No data,No data,No data,No data,No data,No data,No data,777,No data,No data,2535,650,No data,1637,No data,1717,No data,2661,No data,2876,No data,3226,No data,1766,No data,No data,No data,No data,No data,882,No data,No data,No data,No data,No data,No data,953,No data,No data,No data,2075,No data,2285,No data,No data,No data,No data,No data,1566,No data,No data,No data,2069,No data,No data,No data,820,No data,981,No data,No data,No data,1979,No data,2601,No data,No data,No data,1379,No data,1824,No data,1815,No data,No data,No data,1299,No data,No data,No data,1343,No data,No data,No data,No data,No data,1282,1560,1633,No data,2043,No data,No data,No data,1367,No data,1046,No data,1235,No data,No data,896,No data,No data,1261,No data,998,No data,1108,No data,No data,No data,1146,No data,No data,952,No data,No data,No data,No data,968,No data,1063,No data,No data,No data,11,"{""type"":""Point"",""coordinates"":[120.2995456333159,0.9681733980273295]}"
0000000000000000000b,No data,No data,763,860,No data,950,No data,810,No data,746,No data,792,No data,No data,No data,No data,No data,632,No data,No data,No data,901,No data,1215,No data,1067,No data,888,No data,1009,No data,1090,No data,1026,No data,No data,No data,No data,No data,1077,No data,No data,No data,No data,No data,No data,568,No data,403,No data,757,No data,564,No data,No data,No data,No data,No data,1005,No data,No data,No data,1784,No data,No data,No data,No data,No data,870,No data,906,No data,1306,No data,1501,No data,609,No data,No data,No data,313,No data,396,No data,No data,No data,No data,No data,No data,No data,631,No data,No data,No data,No data,No data,No data,No data,1495,No data,1450,No data,No data,No data,363,No data,551,No data,644,No data,No data,742,No data,No data,1269,No data,1107,No data,No data,No data,No data,No data,958,No data,No data,No data,No data,No data,No data,No data,663,No data,665,No data,No data,No data,12,"{""type"":""Point"",""coordinates"":[120.43165542022633,0.7784743210116348]}"
0000000000000000000c,No data,No data,553,No data,No data,522,No data,618,No data,1246,No data,1592,No data,No data,No data,No data,No data,168,No data,No data,537,455,No data,503,No data,765,No data,523,No data,872,No data,2224,No data,1156,No data,No data,No data,No data,No data,366,No data,No data,No data,No data,No data,No data,759,No data,500,No data,No data,No data,493,No data,675,No data,No data,No data,1647,No data,No data,No data,1266,No data,No data,No data,No data,No data,129,No data,913,No data,358,No data,579,No data,529,No data,487,No data,682,No data,2092,No data,No data,No data,No data,No data,No data,No data,110,No data,No data,No data,No data,No data,557,No data,660,No data,656,No data,No data,No data,1099,No data,540,No data,452,146,No data,481,No data,No data,552,No data,322,No data,682,No data,No data,No data,673,No data,No data,No data,No data,No data,No data,No data,244,No data,282,No data,No data,No data,13,"{""type"":""Point"",""coordinates"":[120.34004764818435,0.82451008028741]}"
0000000000000000000d,No data,No data,636,438,No data,557,No data,649,No data,683,No data,822,No data,No data,No data,No data,No data,801,No data,No data,No data,686,No data,732,No data,904,No data,1367,No data,1468,No data,1341,No data,868,No data,No data,No data,No data,No data,222,No data,No data,No data,No data,No data,No data,No data,No data,591,No data,655,No data,628,No data,1110,No data,No data,No data,1114,No data,No data,No data,1594,No data,No data,No data,No data,No data,803,No data,876,No data,952,No data,1170,No data,838,No data,No data,No data,960,No data,881,No data,No data,No data,No data,No data,No data,No data,766,No data,No data,No data,No data,No data,No data,No data,766,No data,1455,No data,No data,No data,646,No data,660,No data,691,No data,No data,618,No data,No data,935,No data,No data,No data,No data,No data,No data,No data,243,No data,No data,No data,No data,690,No data,No data,592,No data,622,No data,No data,No data,14,"{""type"":""Point"",""coordinates"":[120.4478241206461,0.7703498388922565]}"
0000000000000000000e,No data,No data,766,No data,No data,525,No data,603,No data,721,No data,634,No data,No data,No data,No data,No data,689,No data,No data,803,616,No data,650,No data,640,No data,653,No data,690,No data,687,No data,595,No data,No data,No data,No data,No data,448,No data,No data,No data,No data,No data,No data,No data,No data,623,No data,689,No data,631,No data,740,No data,No data,No data,676,No data,No data,No data,1195,No data,No data,No data,No data,No data,632,No data,617,No data,658,No data,654,No data,628,No data,601,No data,555,No data,444,No data,No data,No data,No data,No data,No data,No data,482,No data,No data,No data,No data,No data,No data,No data,No data,No data,604,No data,No data,No data,610,No data,688,No data,637,737,No data,657,1122,No data,586,No data,668,No data,599,No data,No data,No data,528,No data,No data,556,No data,No data,No data,No data,393,No data,No data,No data,No data,No data,15,"{""type"":""Point"",""coordinates"":[120.50977887068272,0.7649632448196939]}"
0000000000000000000f,No data,No data,No data,771,No data,817,No data,867,No data,1119,No data,1062,No data,No data,No data,No data,No data,954,No data,No data,1376,878,No data,918,No data,1253,No data,1085,No data,1135,No data,1286,No data,1349,No data,No data,No data,No data,No data,1100,No data,No data,No data,No data,No data,No data,889,No data,597,No data,1076,No data,599,No data,752,No data,No data,No data,No data,No data,No data,No data,1349,No data,No data,No data,No data,No data,792,No data,865,No data,1072,No data,1189,No data,922,No data,No data,No data,928,No data,790,No data,No data,No data,No data,No data,No data,No data,869,No data,No data,No data,No data,No data,No data,No data,No data,No data,1738,No data,No data,No data,1032,No data,798,No data,728,No data,No data,711,No data,No data,1086,No data,1200,No data,No data,No data,No data,No data,1088,No data,No data,No data,No data,968,No data,No data,882,No data,No data,No data,No data,No data,16,"{""type"":""Point"",""coordinates"":[120.45860622699337,0.7540874973503394]}"
10,No data,No data,604,No data,No data,511,No data,547,No data,820,No data,949,No data,No data,No data,No data,No data,334,607,No data,2168,517,No data,422,No data,629,No data,575,No data,830,No data,1223,No data,1169,No data,No data,No data,No data,No data,574,No data,No data,No data,No data,No data,No data,706,No data,424,No data,No data,No data,519,No data,911,No data,No data,No data,1217,No data,No data,No data,1957,No data,No data,No data,No data,No data,110,No data,747,No data,519,No data,491,No data,347,No data,408,No data,606,No data,1511,No data,No data,No data,No data,No data,No data,No data,85,No data,No data,No data,No data,No data,399,No data,561,No data,575,No data,No data,No data,695,No data,594,No data,427,382,No data,507,No data,No data,496,No data,530,No data,530,No data,No data,No data,768,No data,No data,No data,No data,No data,No data,No data,137,No data,411,No data,No data,No data,17,"{""type"":""Point"",""coordinates"":[120.3454342422569,0.8272256728289589]}"
11,No data,No data,631,601,No data,656,No data,1085,No data,1859,No data,829,No data,No data,No data,No data,No data,259,869,No data,648,472,No data,482,No data,656,No data,1948,No data,592,No data,371,No data,593,No data,No data,No data,No data,No data,632,No data,No data,No data,No data,No data,No data,No data,No data,808,No data,2049,No data,673,No data,1246,No data,No data,No data,77,No data,No data,No data,1153,No data,No data,No data,No data,No data,461,No data,708,No data,1953,No data,2059,No data,418,No data,257,No data,180,No data,114,No data,No data,No data,No data,No data,No data,No data,769,No data,No data,No data,No data,No data,No data,No data,No data,No data,339,No data,No data,No data,98,No data,852,No data,321,592,No data,560,563,No data,597,No data,787,No data,1387,No data,No data,No data,1886,No data,No data,No data,No data,746,No data,No data,378,No data,No data,No data,No data,No data,18,"{""type"":""Point"",""coordinates"":[120.52324089676306,0.7731100224443396]}"
12,No data,No data,439,809,No data,786,No data,749,No data,762,No data,847,No data,No data,No data,No data,No data,747,No data,No data,1692,1052,No data,1240,No data,1460,No data,1355,No data,1460,No data,1320,No data,968,No data,No data,No data,No data,No data,1094,No data,No data,No data,No data,No data,No data,670,No data,622,No data,868,No data,657,No data,No data,No data,No data,No data,1496,No data,No data,No data,1434,No data,No data,No data,No data,No data,1231,No data,1416,No data,1526,No data,1537,No data,760,No data,No data,No data,973,No data,776,No data,No data,No data,No data,No data,No data,No data,769,No data,No data,No data,No data,No data,No data,No data,No data,No data,837,No data,No data,No data,640,No data,713,No data,674,No data,No data,496,No data,No data,1225,No data,894,No data,699,No data,No data,No data,1110,No data,No data,No data,No data,435,No data,No data,767,No data,No data,No data,No data,No data,19,"{""type"":""Point"",""coordinates"":[120.4666771999001,0.7730743496359119]}"
13,No data,No data,509,403,No data,667,No data,649,No data,612,No data,818,No data,No data,No data,No data,No data,775,611,No data,970,1069,No data,991,No data,1004,No data,1033,No data,959,No data,779,No data,535,No data,No data,No data,No data,No data,433,No data,No data,No data,No data,No data,No data,No data,No data,1558,No data,1118,No data,471,No data,951,No data,No data,No data,516,No data,No data,No data,1429,No data,No data,No data,No data,No data,966,No data,1422,No data,1599,No data,1656,No data,1377,No data,931,No data,860,No data,719,No data,No data,No data,No data,No data,No data,No data,No data,No data,No data,No data,No data,No data,No data,No data,No data,No data,1080,No data,No data,No data,814,No data,720,No data,718,754,No data,693,839,No data,943,No data,816,No data,735,No data,No data,No data,666,No data,No data,No data,No data,No data,No data,No data,624,No data,No data,No data,No data,No data,20,"{""type"":""Point"",""coordinates"":[120.53940067898074,0.7785412075274366]}"
14,No data,No data,568,396,No data,606,No data,610,No data,612,No data,565,No data,No data,No data,No data,No data,509,623,No data,No data,470,No data,552,No data,545,No data,520,No data,609,No data,561,No data,561,No data,No data,No data,No data,No data,480,No data,No data,No data,No data,No data,No data,No data,No data,No data,No data,No data,No data,616,No data,No data,No data,No data,No data,276,No data,No data,No data,688,No data,No data,No data,No data,No data,513,No data,563,No data,537,No data,590,No data,530,No data,556,No data,520,No data,522,No data,No data,No data,No data,No data,711,No data,496,No data,No data,No data,No data,No data,No data,No data,833,No data,618,No data,No data,No data,511,No data,528,No data,492,378,No data,447,No data,No data,631,No data,602,No data,1017,No data,No data,No data,590,No data,No data,No data,No data,633,No data,No data,439,No data,556,No data,No data,No data,21,"{""type"":""Point"",""coordinates"":[120.71176723020169,0.8627111990122811]}"
15,No data,No data,696,564,No data,541,No data,537,No data,571,No data,535,No data,No data,No data,No data,No data,491,589,No data,No data,458,No data,531,No data,495,No data,474,No data,597,No data,540,No data,536,No data,No data,No data,No data,No data,No data,No data,No data,No data,No data,No data,No data,No data,No data,No data,No data,No data,No data,501,No data,494,No data,No data,No data,611,No data,No data,No data,661,No data,No data,No data,No data,No data,475,No data,487,No data,532,No data,519,No data,519,No data,524,No data,476,No data,476,No data,No data,No data,No data,No data,718,No data,459,No data,No data,No data,No data,No data,No data,No data,No data,No data,497,No data,No data,No data,438,No data,486,No data,455,389,No data,487,No data,No data,533,No data,550,No data,547,No data,No data,No data,525,No data,No data,No data,No data,592,No data,No data,457,No data,537,No data,No data,No data,22,"{""type"":""Point"",""coordinates"":[120.72254041834682,0.8708535175358733]}"
16,No data,No data,614,509,No data,536,No data,629,No data,804,No data,883,No data,No data,No data,No data,No data,654,716,No data,No data,605,No data,665,No data,671,No data,700,No data,780,No data,745,No data,701,No data,No data,No data,No data,No data,No data,No data,No data,No data,No data,No data,No data,No data,No data,No data,No data,No data,No data,1539,No data,No data,No data,No data,No data,No data,No data,No data,No data,664,No data,No data,No data,No data,No data,605,No data,619,No data,716,No data,805,No data,720,No data,713,No data,723,No data,703,No data,No data,No data,No data,No data,871,No data,756,No data,No data,No data,No data,No data,No data,No data,No data,No data,858,No data,No data,No data,716,No data,746,No data,792,507,No data,593,No data,No data,617,No data,590,No data,589,No data,No data,No data,572,No data,No data,No data,No data,739,No data,No data,669,No data,749,No data,No data,No data,23,"{""type"":""Point"",""coordinates"":[120.71176277110067,0.8708490584348196]}"
17,No data,No data,913,No data,No data,724,No data,541,No data,720,No data,754,No data,No data,No data,No data,No data,892,837,No data,No data,700,No data,766,No data,876,No data,980,No data,1037,No data,831,No data,740,No data,No data,No data,No data,No data,No data,No data,No data,No data,No data,No data,No data,No data,No data,No data,No data,No data,No data,No data,No data,No data,No data,No data,No data,840,No data,No data,No data,806,No data,No data,No data,No data,No data,755,No data,821,No data,898,No data,971,No data,759,No data,745,No data,724,No data,852,No data,No data,No data,No data,No data,834,No data,625,No data,No data,No data,No data,No data,No data,No data,No data,No data,961,No data,No data,No data,572,No data,639,No data,538,609,No data,270,No data,No data,471,No data,611,No data,598,No data,No data,No data,633,No data,No data,No data,No data,758,No data,No data,1055,No data,490,No data,No data,No data,24,"{""type"":""Point"",""coordinates"":[120.71175385289852,0.8816935921968001]}"
18,No data,No data,674,703,No data,728,No data,754,No data,845,No data,889,No data,No data,No data,No data,No data,668,853,No data,No data,797,No data,827,No data,861,No data,911,No data,1089,No data,1193,No data,1146,No data,No data,No data,No data,No data,No data,No data,No data,No data,No data,No data,No data,No data,No data,No data,No data,1406,No data,1411,No data,670,No data,No data,No data,406,No data,No data,No data,731,No data,No data,No data,No data,No data,619,No data,590,No data,561,No data,927,No data,540,No data,472,No data,625,No data,536,No data,No data,No data,No data,No data,859,No data,669,No data,No data,No data,No data,No data,No data,No data,910,No data,1090,No data,No data,No data,650,No data,723,No data,674,697,No data,763,No data,No data,807,No data,909,No data,No data,No data,No data,No data,935,No data,No data,No data,No data,881,No data,No data,923,No data,694,No data,No data,No data,25,"{""type"":""Point"",""coordinates"":[120.72257609115526,0.8030528860182286]}"
19,No data,No data,568,No data,No data,753,No data,1057,No data,1355,No data,1339,No data,No data,No data,No data,No data,506,564,No data,No data,394,No data,453,No data,697,No data,836,No data,1014,No data,1131,No data,920,No data,No data,No data,No data,No data,No data,No data,No data,No data,No data,No data,No data,No data,No data,No data,No data,No data,No data,1992,No data,2093,No data,No data,No data,628,No data,No data,No data,1070,No data,No data,No data,No data,No data,1091,No data,1371,No data,1641,No data,2027,No data,761,No data,848,No data,921,No data,1244,No data,No data,No data,No data,No data,845,No data,925,No data,No data,No data,No data,No data,No data,No data,No data,No data,1670,No data,No data,No data,812,No data,796,No data,770,910,No data,597,No data,No data,1101,No data,No data,No data,944,No data,No data,No data,1005,No data,No data,No data,No data,591,No data,No data,972,No data,783,No data,No data,No data,26,"{""type"":""Point"",""coordinates"":[120.75220235855434,0.8193419821664664]}"
0000000000000000001a,No data,No data,798,855,No data,651,No data,696,No data,795,No data,857,No data,No data,No data,No data,No data,739,873,No data,No data,858,No data,977,No data,573,No data,174,No data,730,No data,456,No data,763,No data,No data,No data,No data,No data,No data,No data,No data,No data,No data,No data,No data,No data,No data,No data,No data,1005,No data,888,No data,765,No data,No data,No data,855,No data,No data,No data,920,No data,No data,No data,No data,No data,869,No data,930,No data,1040,No data,1075,No data,871,No data,843,No data,858,No data,790,No data,No data,No data,No data,No data,956,No data,861,No data,No data,No data,No data,No data,No data,No data,875,No data,911,No data,No data,No data,751,No data,782,No data,796,791,No data,797,No data,No data,848,No data,1167,No data,No data,No data,No data,No data,824,No data,No data,No data,No data,863,No data,No data,705,No data,854,No data,No data,No data,27,"{""type"":""Point"",""coordinates"":[120.72796268522781,0.8057684785597771]}"
0000000000000000001b,No data,No data,552,No data,No data,327,No data,1077,No data,488,No data,1005,No data,No data,No data,No data,No data,574,778,No data,No data,315,No data,297,No data,942,No data,536,No data,750,No data,548,No data,568,No data,No data,No data,No data,No data,No data,No data,No data,No data,No data,No data,No data,No data,No data,No data,No data,No data,No data,1145,No data,880,No data,No data,No data,403,No data,No data,No data,1139,No data,No data,No data,No data,No data,668,No data,498,No data,979,No data,707,No data,494,No data,559,No data,617,No data,750,No data,No data,No data,No data,No data,No data,No data,709,No data,No data,No data,No data,No data,No data,No data,No data,No data,1143,No data,No data,No data,683,No data,691,No data,663,676,No data,610,445,No data,868,No data,No data,No data,405,No data,No data,No data,483,No data,No data,No data,No data,307,No data,No data,616,No data,625,No data,No data,No data,28,"{""type"":""Point"",""coordinates"":[120.75490011469168,0.8193419821664664]}"
0000000000000000001c,No data,No data,No data,No data,No data,No data,No data,No data,No data,No data,No data,No data,No data,No data,No data,No data,No data,No data,No data,No data,No data,No data,No data,No data,No data,No data,No data,No data,No data,No data,No data,No data,No data,No data,No data,No data,No data,No data,No data,No data,No data,No data,No data,No data,No data,No data,No data,No data,No data,No data,No data,No data,No data,No data,No data,No data,No data,No data,No data,No data,No data,No data,No data,No data,No data,No data,No data,No data,No data,No data,No data,No data,No data,No data,No data,No data,No data,No data,No data,No data,No data,No data,No data,No data,No data,No data,No data,No data,No data,No data,No data,No data,No data,No data,No data,No data,No data,No data,No data,No data,No data,No data,No data,No data,No data,No data,No data,No data,No data,No data,No data,No data,No data,No data,No data,No data,No data,No data,No data,No data,No data,No data,No data,No data,No data,No data,No data,No data,No data,No data,No data,No data,No data,No data,No data,No data,29,"{""type"":""Point"",""coordinates"":[120.8248500329171,0.9875392739024449]}"
0000000000000000001d,No data,No data,No data,No data,No data,No data,No data,No data,No data,No data,No data,No data,No data,No data,No data,No data,No data,No data,No data,No data,No data,No data,No data,No data,No data,No data,No data,No data,No data,No data,No data,No data,No data,No data,No data,No data,No data,No data,No data,No data,No data,No data,No data,No data,No data,No data,No data,No data,No data,No data,No data,No data,No data,No data,No data,No data,No data,No data,No data,No data,No data,No data,No data,No data,No data,No data,No data,No data,No data,No data,No data,No data,No data,No data,No data,No data,No data,No data,No data,No data,No data,No data,No data,No data,No data,No data,No data,No data,No data,No data,No data,No data,No data,No data,No data,No data,No data,No data,No data,No data,No data,No data,No data,No data,No data,No data,No data,No data,No data,No data,No data,No data,No data,No data,No data,No data,No data,No data,No data,No data,No data,No data,No data,No data,No data,No data,No data,No data,No data,No data,No data,No data,No data,No data,No data,No data,30,"{""type"":""Point"",""coordinates"":[120.77365063462142,0.992930327076061]}"
0000000000000000001e,No data,No data,765,986,No data,982,No data,874,No data,1003,No data,950,No data,No data,No data,No data,No data,780,933,No data,No data,919,No data,876,No data,1004,No data,872,No data,920,No data,817,No data,806,No data,881,No data,No data,No data,755,No data,No data,No data,861,No data,No data,No data,No data,No data,No data,1145,No data,907,No data,1159,No data,No data,No data,1044,No data,No data,No data,806,No data,1388,No data,931,No data,810,No data,857,No data,938,No data,954,No data,869,No data,886,No data,808,No data,824,No data,No data,No data,No data,No data,863,No data,971,No data,No data,No data,No data,No data,719,No data,No data,No data,868,No data,No data,No data,698,No data,674,No data,662,747,No data,552,No data,No data,856,No data,No data,No data,754,No data,No data,No data,786,No data,No data,810,No data,No data,No data,No data,843,No data,769,No data,No data,No data,31,"{""type"":""Point"",""coordinates"":[120.85454764593305,0.8953429005213978]}"
0000000000000000001f,No data,No data,No data,No data,No data,No data,No data,No data,No data,No data,No data,No data,No data,No data,No data,No data,No data,No data,No data,No data,No data,No data,No data,No data,No data,No data,No data,No data,No data,No data,No data,No data,No data,No data,No data,No data,No data,No data,No data,No data,No data,No data,No data,No data,No data,No data,No data,No data,No data,No data,No data,No data,No data,No data,No data,No data,No data,No data,No data,No data,No data,No data,No data,No data,No data,No data,No data,No data,No data,No data,No data,No data,No data,No data,No data,No data,No data,No data,No data,No data,No data,No data,No data,No data,No data,No data,No data,No data,No data,No data,No data,No data,No data,No data,No data,No data,No data,No data,No data,No data,No data,No data,No data,No data,No data,No data,No data,No data,No data,No data,No data,No data,No data,No data,No data,No data,No data,No data,No data,No data,No data,No data,No data,No data,No data,No data,No data,No data,No data,No data,No data,No data,No data,No data,No data,No data,32,"{""type"":""Point"",""coordinates"":[120.81949911165299,0.9251564501647372]}"
20,No data,No data,768,No data,No data,749,No data,977,No data,969,No data,915,No data,No data,No data,No data,No data,667,751,No data,No data,830,No data,709,No data,910,No data,795,No data,1182,No data,969,No data,1030,No data,No data,No data,No data,No data,No data,No data,No data,No data,No data,No data,No data,No data,No data,No data,No data,1088,No data,901,No data,889,No data,No data,No data,No data,No data,No data,No data,879,No data,No data,No data,No data,No data,787,No data,770,No data,968,No data,1009,No data,835,No data,877,No data,862,No data,871,No data,No data,No data,No data,No data,953,No data,900,No data,No data,No data,No data,No data,No data,No data,No data,No data,1064,No data,No data,No data,721,No data,723,No data,675,637,No data,696,No data,No data,757,No data,No data,No data,795,No data,No data,No data,931,No data,No data,No data,No data,747,No data,No data,752,No data,803,No data,No data,No data,33,"{""type"":""Point"",""coordinates"":[120.78183754415554,0.8274932188921654]}"
21,No data,No data,No data,No data,No data,No data,No data,No data,No data,No data,No data,No data,No data,No data,No data,No data,No data,No data,No data,No data,No data,No data,No data,No data,No data,No data,No data,No data,No data,No data,No data,No data,No data,No data,No data,No data,No data,No data,No data,No data,No data,No data,No data,No data,No data,No data,No data,No data,No data,No data,No data,No data,No data,No data,No data,No data,No data,No data,No data,No data,No data,No data,No data,No data,No data,No data,No data,No data,No data,No data,No data,No data,No data,No data,No data,No data,No data,No data,No data,No data,No data,No data,No data,No data,No data,No data,No data,No data,No data,No data,No data,No data,No data,No data,No data,No data,No data,No data,No data,No data,No data,No data,No data,No data,No data,No data,No data,No data,No data,No data,No data,No data,No data,No data,No data,No data,No data,No data,No data,No data,No data,No data,No data,No data,No data,No data,No data,No data,No data,No data,No data,No data,No data,No data,No data,No data,34,"{""type"":""Point"",""coordinates"":[120.8437566213837,0.9143208346048636]}"
22,No data,No data,No data,1333,No data,No data,No data,No data,No data,No data,No data,No data,No data,No data,No data,No data,No data,No data,No data,No data,No data,No data,No data,No data,No data,No data,No data,No data,No data,No data,No data,No data,No data,No data,No data,No data,No data,No data,No data,No data,No data,No data,No data,No data,No data,No data,No data,No data,No data,No data,No data,No data,No data,No data,No data,No data,No data,No data,No data,No data,No data,No data,No data,No data,No data,No data,No data,No data,No data,No data,No data,No data,No data,No data,No data,No data,No data,No data,No data,No data,No data,No data,No data,No data,No data,No data,No data,No data,797,No data,829,No data,No data,No data,No data,No data,No data,No data,No data,No data,No data,No data,No data,No data,No data,No data,No data,No data,No data,No data,No data,No data,No data,No data,No data,No data,No data,No data,No data,No data,No data,No data,No data,No data,No data,No data,No data,No data,No data,No data,No data,No data,623,No data,No data,No data,35,"{""type"":""Point"",""coordinates"":[120.79525497922539,0.9170052134390378]}"
23,No data,No data,764,No data,No data,677,No data,819,No data,622,No data,492,No data,No data,No data,No data,No data,698,940,No data,No data,421,No data,610,No data,937,No data,1030,No data,1180,No data,1120,No data,880,No data,1144,No data,No data,No data,No data,No data,No data,No data,No data,No data,No data,No data,No data,No data,No data,No data,No data,551,No data,535,No data,No data,No data,1434,No data,No data,No data,712,No data,No data,No data,No data,No data,154,No data,172,No data,501,No data,979,No data,328,No data,415,No data,424,No data,690,No data,No data,No data,No data,No data,1075,No data,237,No data,No data,No data,No data,No data,No data,No data,No data,No data,634,No data,No data,No data,417,No data,607,No data,832,909,No data,944,No data,No data,957,No data,No data,No data,319,No data,No data,No data,206,No data,No data,No data,No data,No data,No data,No data,552,No data,534,No data,No data,No data,36,"{""type"":""Point"",""coordinates"":[120.81415710859092,0.8437867741414566]}"
24,No data,No data,698,1285,No data,968,No data,1206,No data,1027,No data,885,No data,No data,No data,No data,No data,281,683,No data,No data,653,No data,898,No data,1572,No data,1503,No data,1230,No data,994,No data,805,No data,No data,No data,No data,No data,No data,No data,No data,No data,584,No data,No data,No data,No data,No data,No data,No data,No data,No data,No data,817,No data,No data,No data,928,No data,No data,No data,866,No data,No data,No data,No data,No data,734,No data,744,No data,819,No data,844,No data,750,No data,725,No data,784,No data,781,No data,No data,No data,No data,No data,990,No data,903,No data,No data,No data,No data,No data,973,No data,No data,No data,922,No data,No data,No data,398,No data,617,No data,490,1002,No data,528,No data,No data,851,No data,995,No data,1071,No data,No data,No data,996,No data,No data,708,No data,No data,No data,No data,786,No data,397,No data,No data,No data,37,"{""type"":""Point"",""coordinates"":[120.77640635907244,0.8980094429513584]}"
25,No data,No data,810,901,No data,868,No data,704,No data,1083,No data,821,No data,No data,No data,No data,No data,516,819,No data,No data,1016,No data,1028,No data,1050,No data,1697,No data,1512,No data,1159,No data,No data,No data,No data,No data,No data,No data,687,No data,No data,No data,747,No data,No data,No data,No data,No data,No data,1208,No data,1003,No data,1074,No data,No data,No data,829,No data,No data,No data,No data,No data,1405,No data,951,No data,807,No data,858,No data,962,No data,951,No data,783,No data,764,No data,870,No data,789,No data,No data,No data,No data,No data,918,No data,959,No data,No data,No data,No data,No data,635,No data,No data,No data,987,No data,No data,No data,807,No data,742,No data,804,758,No data,891,No data,No data,1093,No data,No data,No data,999,No data,No data,No data,1117,No data,No data,757,No data,No data,No data,No data,835,No data,824,No data,No data,No data,38,"{""type"":""Point"",""coordinates"":[120.85723648386825,0.8980540339618931]}"
26,No data,No data,No data,No data,No data,No data,No data,No data,No data,No data,No data,No data,No data,No data,No data,No data,No data,No data,No data,No data,No data,No data,No data,No data,No data,No data,No data,No data,No data,No data,No data,No data,No data,No data,No data,No data,No data,No data,No data,No data,No data,No data,No data,No data,No data,No data,No data,No data,No data,No data,No data,No data,No data,No data,No data,No data,No data,No data,No data,No data,No data,No data,No data,No data,No data,No data,No data,No data,No data,No data,No data,No data,No data,No data,No data,No data,No data,No data,No data,No data,No data,No data,No data,No data,No data,No data,No data,No data,No data,No data,No data,No data,No data,No data,No data,No data,No data,No data,No data,No data,No data,No data,No data,No data,No data,No data,No data,No data,No data,No data,No data,No data,No data,No data,No data,No data,No data,No data,No data,No data,No data,No data,No data,No data,No data,No data,No data,No data,No data,No data,No data,No data,No data,No data,No data,No data,39,"{""type"":""Point"",""coordinates"":[120.85703582432085,1.1936924338053545]}"
27,No data,No data,No data,No data,No data,No data,No data,No data,No data,No data,No data,No data,No data,No data,No data,No data,No data,No data,No data,No data,No data,No data,No data,No data,No data,No data,No data,No data,No data,No data,No data,No data,No data,No data,No data,No data,No data,No data,No data,No data,No data,No data,No data,No data,No data,No data,No data,No data,No data,No data,No data,No data,No data,No data,No data,No data,No data,No data,No data,No data,No data,No data,No data,No data,No data,No data,No data,No data,No data,No data,No data,No data,No data,No data,No data,No data,No data,No data,No data,No data,No data,No data,No data,No data,No data,No data,No data,No data,No data,No data,No data,No data,No data,No data,No data,No data,No data,No data,No data,No data,No data,No data,No data,No data,No data,No data,No data,No data,No data,No data,No data,No data,No data,No data,No data,No data,No data,No data,No data,No data,No data,No data,No data,No data,No data,No data,No data,No data,No data,No data,No data,No data,No data,No data,No data,No data,40,"{""type"":""Point"",""coordinates"":[120.81400549915513,1.0824601580271471]}"
28,No data,No data,No data,No data,No data,No data,No data,No data,No data,No data,No data,No data,No data,No data,No data,No data,No data,No data,No data,No data,No data,No data,No data,No data,No data,No data,No data,No data,No data,No data,No data,No data,No data,No data,No data,No data,No data,No data,No data,No data,No data,No data,No data,No data,No data,No data,No data,No data,No data,No data,No data,No data,No data,No data,No data,No data,No data,No data,No data,No data,No data,No data,No data,No data,No data,No data,No data,No data,No data,No data,No data,No data,No data,No data,No data,No data,No data,No data,No data,No data,No data,No data,No data,No data,No data,No data,No data,No data,No data,No data,No data,No data,No data,No data,No data,No data,No data,No data,No data,No data,No data,No data,No data,No data,No data,No data,No data,No data,No data,No data,No data,No data,No data,No data,No data,No data,No data,No data,No data,No data,No data,No data,No data,No data,No data,No data,No data,No data,No data,No data,No data,No data,No data,No data,No data,No data,41,"{""type"":""Point"",""coordinates"":[120.82474747359285,1.1367095814433699]}"
29,No data,No data,No data,No data,No data,No data,No data,No data,No data,No data,No data,No data,No data,No data,No data,No data,No data,No data,No data,No data,No data,No data,No data,No data,No data,No data,No data,No data,No data,No data,No data,No data,No data,No data,No data,No data,No data,No data,No data,No data,No data,No data,No data,No data,No data,No data,No data,No data,No data,No data,No data,No data,No data,No data,No data,No data,No data,No data,No data,No data,No data,No data,No data,No data,No data,No data,No data,No data,No data,No data,No data,No data,No data,No data,No data,No data,No data,No data,No data,No data,No data,No data,No data,No data,No data,No data,No data,No data,No data,No data,No data,No data,No data,No data,No data,No data,No data,No data,No data,No data,No data,No data,No data,No data,No data,No data,No data,No data,No data,No data,No data,No data,No data,No data,No data,No data,No data,No data,No data,No data,No data,No data,No data,No data,No data,No data,No data,No data,No data,No data,No data,No data,No data,No data,No data,No data,42,"{""type"":""Point"",""coordinates"":[120.83016082227174,1.1041670619553217]}"
0000000000000000002a,No data,No data,No data,No data,No data,No data,No data,No data,No data,No data,No data,No data,No data,No data,No data,No data,No data,No data,No data,No data,No data,No data,No data,No data,No data,No data,No data,No data,No data,No data,No data,No data,No data,No data,No data,No data,No data,No data,No data,No data,No data,No data,No data,No data,No data,No data,No data,No data,No data,No data,No data,No data,No data,No data,No data,No data,No data,No data,No data,No data,No data,No data,No data,No data,No data,No data,No data,No data,No data,No data,No data,No data,No data,No data,No data,No data,No data,No data,No data,No data,No data,No data,No data,No data,No data,No data,No data,No data,No data,No data,No data,No data,No data,No data,No data,No data,No data,No data,No data,No data,No data,No data,No data,No data,No data,No data,No data,No data,No data,No data,No data,No data,No data,No data,No data,No data,No data,No data,No data,No data,No data,No data,No data,No data,No data,No data,No data,No data,No data,No data,No data,No data,No data,No data,No data,No data,43,"{""type"":""Point"",""coordinates"":[120.84092955131582,1.1123138395799674]}"
0000000000000000002b,No data,No data,No data,No data,No data,No data,No data,No data,No data,No data,No data,No data,No data,No data,No data,No data,No data,No data,No data,No data,No data,No data,No data,No data,No data,No data,No data,No data,No data,No data,No data,No data,No data,No data,No data,No data,No data,No data,No data,No data,No data,No data,No data,No data,No data,No data,No data,No data,No data,No data,No data,No data,No data,No data,No data,No data,No data,No data,No data,No data,No data,No data,No data,No data,No data,No data,No data,No data,No data,No data,No data,No data,No data,No data,No data,No data,No data,No data,No data,No data,No data,No data,No data,No data,No data,No data,No data,No data,No data,No data,No data,No data,No data,No data,No data,No data,No data,No data,No data,No data,No data,No data,No data,No data,No data,No data,No data,No data,No data,No data,No data,No data,No data,No data,No data,No data,No data,No data,No data,No data,No data,No data,No data,No data,No data,No data,No data,No data,No data,No data,No data,No data,No data,No data,No data,No data,44,"{""type"":""Point"",""coordinates"":[120.82475639179493,1.1231494551398409]}"
0000000000000000002c,No data,No data,No data,No data,No data,No data,No data,No data,No data,No data,No data,No data,No data,No data,No data,No data,No data,No data,No data,No data,No data,No data,No data,No data,No data,No data,No data,No data,No data,No data,No data,No data,No data,No data,No data,No data,No data,No data,No data,No data,No data,No data,No data,No data,No data,No data,No data,No data,No data,No data,No data,No data,No data,No data,No data,No data,No data,No data,No data,No data,No data,No data,No data,No data,No data,No data,No data,No data,No data,No data,No data,No data,No data,No data,No data,No data,No data,No data,No data,No data,No data,No data,No data,No data,No data,No data,No data,No data,No data,No data,No data,No data,No data,No data,No data,No data,No data,No data,No data,No data,No data,No data,No data,No data,No data,No data,No data,No data,No data,No data,No data,No data,No data,No data,No data,No data,No data,No data,No data,No data,No data,No data,No data,No data,No data,No data,No data,No data,No data,No data,No data,No data,No data,No data,No data,No data,45,"{""type"":""Point"",""coordinates"":[120.83818274506687,1.1828300636391604]}"
0000000000000000002d,No data,No data,No data,No data,No data,No data,No data,No data,No data,No data,No data,No data,No data,No data,No data,No data,No data,No data,No data,No data,No data,No data,No data,No data,No data,No data,No data,No data,No data,No data,No data,No data,No data,No data,No data,No data,No data,No data,No data,No data,No data,No data,No data,No data,No data,No data,No data,No data,No data,No data,No data,No data,No data,No data,No data,No data,No data,No data,No data,No data,No data,No data,No data,No data,No data,No data,No data,No data,No data,No data,No data,No data,No data,No data,No data,No data,No data,No data,No data,No data,No data,No data,No data,No data,No data,No data,No data,No data,No data,No data,No data,No data,No data,No data,No data,No data,No data,No data,No data,No data,No data,No data,No data,No data,No data,No data,No data,No data,No data,No data,No data,No data,No data,No data,No data,No data,No data,No data,No data,No data,No data,No data,No data,No data,No data,No data,No data,No data,No data,No data,No data,No data,No data,No data,No data,No data,46,"{""type"":""Point"",""coordinates"":[120.8085876913752,1.1231405369377343]}"
0000000000000000002e,No data,No data,No data,No data,No data,No data,No data,No data,No data,No data,No data,No data,No data,No data,No data,No data,No data,No data,No data,No data,No data,No data,No data,No data,No data,No data,No data,No data,No data,No data,No data,No data,No data,No data,No data,No data,No data,No data,No data,No data,No data,No data,No data,No data,No data,No data,No data,No data,No data,No data,No data,No data,No data,No data,No data,No data,No data,No data,No data,No data,No data,No data,No data,No data,No data,No data,No data,No data,No data,No data,No data,No data,No data,No data,No data,No data,No data,No data,No data,No data,No data,No data,No data,No data,No data,No data,No data,No data,No data,No data,No data,No data,No data,No data,No data,No data,No data,No data,No data,No data,No data,No data,No data,No data,No data,No data,No data,No data,No data,No data,No data,No data,No data,No data,No data,No data,No data,No data,No data,No data,No data,No data,No data,No data,No data,No data,No data,No data,No data,No data,No data,No data,No data,No data,No data,No data,47,"{""type"":""Point"",""coordinates"":[120.80860106867831,1.1041536846521616]}"
0000000000000000002f,No data,No data,No data,No data,No data,No data,No data,No data,No data,No data,No data,No data,No data,No data,No data,No data,No data,No data,No data,No data,No data,No data,No data,No data,No data,No data,No data,No data,No data,No data,No data,No data,No data,No data,No data,No data,No data,No data,No data,No data,No data,No data,No data,No data,No data,No data,No data,No data,No data,No data,No data,No data,No data,No data,No data,No data,No data,No data,No data,No data,No data,No data,No data,No data,No data,No data,No data,No data,No data,No data,No data,No data,No data,No data,No data,No data,No data,No data,No data,No data,No data,No data,No data,No data,No data,No data,No data,No data,No data,No data,No data,No data,No data,No data,No data,No data,No data,No data,No data,No data,No data,No data,No data,No data,No data,No data,No data,No data,No data,No data,No data,No data,No data,No data,No data,No data,No data,No data,No data,No data,No data,No data,No data,No data,No data,No data,No data,No data,No data,No data,No data,No data,No data,No data,No data,No data,48,"{""type"":""Point"",""coordinates"":[121.05370001718202,1.2833560377880442]}"
30,No data,No data,No data,No data,No data,No data,No data,No data,No data,No data,No data,No data,No data,No data,No data,No data,No data,No data,No data,No data,No data,No data,No data,No data,No data,No data,No data,No data,No data,No data,No data,No data,No data,No data,No data,No data,No data,No data,No data,No data,No data,No data,No data,No data,No data,No data,No data,No data,No data,No data,No data,No data,No data,No data,No data,No data,No data,No data,No data,No data,No data,No data,No data,No data,No data,No data,No data,No data,No data,No data,No data,No data,No data,No data,No data,No data,No data,No data,No data,No data,No data,No data,No data,No data,No data,No data,No data,No data,No data,No data,No data,No data,No data,No data,No data,No data,No data,No data,No data,No data,No data,No data,No data,No data,No data,No data,No data,No data,No data,No data,No data,No data,No data,No data,No data,No data,No data,No data,No data,No data,No data,No data,No data,No data,No data,No data,No data,No data,No data,No data,No data,No data,No data,No data,No data,No data,49,"{""type"":""Point"",""coordinates"":[120.97280746497148,1.3294051743669801]}"
31,No data,No data,No data,No data,No data,No data,No data,No data,No data,No data,No data,No data,No data,No data,No data,No data,No data,No data,No data,No data,No data,No data,No data,No data,No data,No data,No data,No data,No data,No data,No data,No data,No data,No data,No data,No data,No data,No data,No data,No data,No data,No data,No data,No data,No data,No data,No data,No data,No data,No data,No data,No data,No data,No data,No data,No data,No data,No data,No data,No data,No data,No data,No data,No data,No data,No data,No data,No data,No data,No data,No data,No data,No data,No data,No data,No data,No data,No data,No data,No data,No data,No data,No data,No data,No data,No data,No data,No data,No data,No data,No data,No data,No data,No data,No data,No data,No data,No data,No data,No data,No data,No data,No data,No data,No data,No data,No data,No data,No data,No data,No data,No data,No data,No data,No data,No data,No data,No data,No data,No data,No data,No data,No data,No data,No data,No data,No data,No data,No data,No data,No data,No data,No data,No data,No data,No data,50,"{""type"":""Point"",""coordinates"":[121.05908215215355,1.2914983563116367]}"
32,No data,No data,No data,No data,No data,No data,No data,No data,No data,No data,No data,No data,No data,No data,No data,No data,No data,No data,No data,No data,No data,No data,No data,No data,No data,No data,No data,No data,No data,No data,No data,No data,No data,No data,No data,No data,No data,No data,No data,No data,No data,No data,No data,No data,No data,No data,No data,No data,No data,No data,No data,No data,No data,No data,No data,No data,No data,No data,No data,No data,No data,No data,No data,No data,No data,No data,No data,No data,No data,No data,No data,No data,No data,No data,No data,No data,No data,No data,No data,No data,No data,No data,No data,No data,No data,No data,No data,No data,No data,No data,No data,No data,No data,No data,No data,No data,No data,No data,No data,No data,No data,No data,No data,No data,No data,No data,No data,No data,No data,No data,No data,No data,No data,No data,No data,No data,No data,No data,No data,No data,No data,No data,No data,No data,No data,No data,No data,No data,No data,No data,No data,No data,No data,No data,No data,No data,51,"{""type"":""Point"",""coordinates"":[120.8327604781859,1.2262215759902426]}"
33,No data,No data,No data,No data,No data,No data,No data,No data,No data,No data,No data,No data,No data,No data,No data,No data,No data,No data,No data,No data,No data,No data,No data,No data,No data,No data,No data,No data,No data,No data,No data,No data,No data,No data,No data,No data,No data,No data,No data,No data,No data,No data,No data,No data,No data,No data,No data,No data,No data,No data,No data,No data,No data,No data,No data,No data,No data,No data,No data,No data,No data,No data,No data,No data,No data,No data,No data,No data,No data,No data,No data,No data,No data,No data,No data,No data,No data,No data,No data,No data,No data,No data,No data,No data,No data,No data,No data,No data,No data,No data,No data,No data,No data,No data,No data,No data,No data,No data,No data,No data,No data,No data,No data,No data,No data,No data,No data,No data,No data,No data,No data,No data,No data,No data,No data,No data,No data,No data,No data,No data,No data,No data,No data,No data,No data,No data,No data,No data,No data,No data,No data,No data,No data,No data,No data,No data,52,"{""type"":""Point"",""coordinates"":[120.82466720977389,1.2370616506511694]}"
34,No data,No data,No data,No data,No data,No data,No data,No data,No data,No data,No data,No data,No data,No data,No data,No data,No data,No data,No data,No data,No data,No data,No data,No data,No data,No data,No data,No data,No data,No data,No data,No data,No data,No data,No data,No data,No data,No data,No data,No data,No data,No data,No data,No data,No data,No data,No data,No data,No data,No data,No data,No data,No data,No data,No data,No data,No data,No data,No data,No data,No data,No data,No data,No data,No data,No data,No data,No data,No data,No data,No data,No data,No data,No data,No data,No data,No data,No data,No data,No data,No data,No data,No data,No data,No data,No data,No data,No data,No data,No data,No data,No data,No data,No data,No data,No data,No data,No data,No data,No data,No data,No data,No data,No data,No data,No data,No data,No data,No data,No data,No data,No data,No data,No data,No data,No data,No data,No data,No data,No data,No data,No data,No data,No data,No data,No data,No data,No data,No data,No data,No data,No data,No data,No data,No data,No data,53,"{""type"":""Point"",""coordinates"":[120.82466275067287,1.2424883766332129]}"
